Workbook

Sheet  AZUL 2
A7: AZUL PERIODO REGULAR 2026
A8: ORDEN DE COMPRA
A9: FECHA:
A10: FRUTAS Y VERDURAS:
A11: PROVEEDOR: FERNANDEZ ( LA PUNTUAL)
B12: EP 1 | C12: EP 7 | D12: EP 9 | E12: EP 13 | F12: EP 14 | G12: EP 16 | H12: EP 17 | I12: EP 18 | J12: EP 19 | K12: EP 21 | L12: EP 22 | M12: EP24 JIR7 | N12: EP25 JIR 4
B13: 94 | C13: 101 | D13: 6 | E13: 164 | F13: 90 | G13: 28 | H13: 27 | I13: 71 | J13: 148 | K13: 86 | L13: 92 | M13: 13 | N13: 22
B14: 47 | C14: 0 | D14: 3 | E14: 82 | F14: 0 | G14: 14 | H14: 0 | I14: 0 | J14: 87 | K14: 43 | L14: 56 | M14: 0 | N14: 10 | P14: PRECIO | Q14: PESOS X PRODUCTO
A15: MANZANA | B15: =PRODUCT(SEMANAL!$D6,B$13)/1000+PRODUCT(SEMANAL!$B6,B$14)/1000 -> 17.39 | C15: =PRODUCT(SEMANAL!$D6,C$13)/1000+PRODUCT(SEMANAL!$B6,C$14)/1000 -> 12.625 | D15: =PRODUCT(SEMANAL!$D6,D$13)/1000+PRODUCT(SEMANAL!$B6,D$14)/1000 -> 1.11 | E15: =PRODUCT(SEMANAL!$D6,E$13)/1000+PRODUCT(SEMANAL!$B6,E$14)/1000 -> 30.34 | F15: =PRODUCT(SEMANAL!$D6,F$13)/1000+PRODUCT(SEMANAL!$B6,F$14)/1000 -> 11.25 | G15: =PRODUCT(SEMANAL!$D6,G$13)/1000+PRODUCT(SEMANAL!$B6,G$14)/1000 -> 5.18 | H15: =PRODUCT(SEMANAL!$D6,H$13)/1000+PRODUCT(SEMANAL!$B6,H$14)/1000 -> 3.375 | I15: =PRODUCT(SEMANAL!$D6,I$13)/1000+PRODUCT(SEMANAL!$B6,I$14)/1000 -> 8.875 | ... N15: =PRODUCT(SEMANAL!$D6,N$13)/1000+PRODUCT(SEMANAL!$B6,N$14)/1000 -> 3.95 | O15: =SUM('OC FRUT y VERD AZUL 2'!B15:N15) -> 147 | P15: 2390 | Q15: =O15*P15 -> 351330
A16: BANANA | B16: =PRODUCT(SEMANAL!$D$7,B$13)/1000+PRODUCT(SEMANAL!$B$7,B$14)/1000 -> 5.64 | C16: =PRODUCT(SEMANAL!$D$7,C$13)/1000+PRODUCT(SEMANAL!$B$7,C$14)/1000 -> 0 | D16: =PRODUCT(SEMANAL!$D$7,D$13)/1000+PRODUCT(SEMANAL!$B$7,D$14)/1000 -> 0.36 | E16: =PRODUCT(SEMANAL!$D$7,E$13)/1000+PRODUCT(SEMANAL!$B$7,E$14)/1000 -> 9.84 | F16: =PRODUCT(SEMANAL!$D$7,F$13)/1000+PRODUCT(SEMANAL!$B$7,F$14)/1000 -> 0 | G16: =PRODUCT(SEMANAL!$D$7,G$13)/1000+PRODUCT(SEMANAL!$B$7,G$14)/1000 -> 1.68 | H16: =PRODUCT(SEMANAL!$D$7,H$13)/1000+PRODUCT(SEMANAL!$B$7,H$14)/1000 -> 0 | I16: =PRODUCT(SEMANAL!$D$7,I$13)/1000+PRODUCT(SEMANAL!$B$7,I$14)/1000 -> 0 | ... N16: =PRODUCT(SEMANAL!$D$7,N$13)/1000+PRODUCT(SEMANAL!$B$7,N$14)/1000 -> 1.2 | O16: =SUM('OC FRUT y VERD AZUL 2'!B16:N16) -> 45 | P16: 2550 | Q16: =O16*P16 -> 114750
A17: NARANJA O MANDARINA | B17: =PRODUCT(SEMANAL!$D8,B$13)/1000+PRODUCT(SEMANAL!B$8,B$14)/1000 -> 34.78 | C17: =PRODUCT(SEMANAL!$D8,C$13)/1000+PRODUCT(SEMANAL!C$8,C$14)/1000 -> 25.25 | D17: =PRODUCT(SEMANAL!$D8,D$13)/1000+PRODUCT(SEMANAL!D$8,D$14)/1000 -> 2.25 | E17: =PRODUCT(SEMANAL!$D8,E$13)/1000+PRODUCT(SEMANAL!E$8,E$14)/1000 -> 61.5 | F17: =PRODUCT(SEMANAL!$D8,F$13)/1000+PRODUCT(SEMANAL!F$8,F$14)/1000 -> 22.5 | G17: =PRODUCT(SEMANAL!$D8,G$13)/1000+PRODUCT(SEMANAL!G$8,G$14)/1000 -> 10.5 | H17: =PRODUCT(SEMANAL!$D8,H$13)/1000+PRODUCT(SEMANAL!H$8,H$14)/1000 -> 6.75 | I17: =PRODUCT(SEMANAL!$D8,I$13)/1000+PRODUCT(SEMANAL!I$8,I$14)/1000 -> 17.75 | ... N17: =PRODUCT(SEMANAL!$D8,N$13)/1000+PRODUCT(SEMANAL!N$8,N$14)/1000 -> 5.51 | O17: =SUM('OC FRUT y VERD AZUL 2'!B17:N17) -> 279 | P17: 1710 | Q17: =O17*P17 -> 477090
A18: PERA | B18: =PRODUCT(SEMANAL!$D9,B$13)/1000+PRODUCT(SEMANAL!B$9,B$14)/1000 -> 0 | C18: =PRODUCT(SEMANAL!$D9,C$13)/1000+PRODUCT(SEMANAL!C$9,C$14)/1000 -> 0 | D18: =PRODUCT(SEMANAL!$D9,D$13)/1000+PRODUCT(SEMANAL!D$9,D$14)/1000 -> 0 | E18: =PRODUCT(SEMANAL!$D9,E$13)/1000+PRODUCT(SEMANAL!E$9,E$14)/1000 -> 0 | F18: =PRODUCT(SEMANAL!$D9,F$13)/1000+PRODUCT(SEMANAL!F$9,F$14)/1000 -> 0 | G18: =PRODUCT(SEMANAL!$D9,G$13)/1000+PRODUCT(SEMANAL!G$9,G$14)/1000 -> 0 | H18: =PRODUCT(SEMANAL!$D9,H$13)/1000+PRODUCT(SEMANAL!H$9,H$14)/1000 -> 0 | I18: =PRODUCT(SEMANAL!$D9,I$13)/1000+PRODUCT(SEMANAL!I$9,I$14)/1000 -> 0 | ... N18: =PRODUCT(SEMANAL!$D9,N$13)/1000+PRODUCT(SEMANAL!N$9,N$14)/1000 -> 0.01 | O18: =SUM('OC FRUT y VERD AZUL 2'!B18:N18) -> 2 | P18: 2200 | Q18: =O18*P18 -> 4400
A19: Zapallo ANCO | B19: =PRODUCT(SEMANAL!$D10,B$13)/1000+PRODUCT(SEMANAL!$B10,B$14)/1000 -> 6.58 | C19: =PRODUCT(SEMANAL!$D10,C$13)/1000+PRODUCT(SEMANAL!$B10,C$14)/1000 -> 0 | D19: =PRODUCT(SEMANAL!$D10,D$13)/1000+PRODUCT(SEMANAL!$B10,D$14)/1000 -> 0.42 | E19: =PRODUCT(SEMANAL!$D10,E$13)/1000+PRODUCT(SEMANAL!$B10,E$14)/1000 -> 11.48 | F19: =PRODUCT(SEMANAL!$D10,F$13)/1000+PRODUCT(SEMANAL!$B10,F$14)/1000 -> 0 | G19: =PRODUCT(SEMANAL!$D10,G$13)/1000+PRODUCT(SEMANAL!$B10,G$14)/1000 -> 1.96 | H19: =PRODUCT(SEMANAL!$D10,H$13)/1000+PRODUCT(SEMANAL!$B10,H$14)/1000 -> 0 | I19: =PRODUCT(SEMANAL!$D10,I$13)/1000+PRODUCT(SEMANAL!$B10,I$14)/1000 -> 0 | ... N19: =PRODUCT(SEMANAL!$D10,N$13)/1000+PRODUCT(SEMANAL!$B10,N$14)/1000 -> 1.4 | O19: =SUM('OC FRUT y VERD AZUL 2'!B19:N19) -> 49 | P19: 1350 | Q19: =O19*P19 -> 66150
A20: Zapallo verde | B20: =PRODUCT(SEMANAL!$D11,B$13)/1000+PRODUCT(SEMANAL!$B11,B$14)/1000 -> 2.35 | C20: =PRODUCT(SEMANAL!$D11,C$13)/1000+PRODUCT(SEMANAL!$B11,C$14)/1000 -> 0 | D20: =PRODUCT(SEMANAL!$D11,D$13)/1000+PRODUCT(SEMANAL!$B11,D$14)/1000 -> 0.15 | E20: =PRODUCT(SEMANAL!$D11,E$13)/1000+PRODUCT(SEMANAL!$B11,E$14)/1000 -> 4.1 | F20: =PRODUCT(SEMANAL!$D11,F$13)/1000+PRODUCT(SEMANAL!$B11,F$14)/1000 -> 0 | G20: =PRODUCT(SEMANAL!$D11,G$13)/1000+PRODUCT(SEMANAL!$B11,G$14)/1000 -> 0.7 | H20: =PRODUCT(SEMANAL!$D11,H$13)/1000+PRODUCT(SEMANAL!$B11,H$14)/1000 -> 0 | I20: =PRODUCT(SEMANAL!$D11,I$13)/1000+PRODUCT(SEMANAL!$B11,I$14)/1000 -> 0 | ... N20: =PRODUCT(SEMANAL!$D11,N$13)/1000+PRODUCT(SEMANAL!$B11,N$14)/1000 -> 0.5 | O20: =SUM('OC FRUT y VERD AZUL 2'!B20:N20) -> 21 | P20: 1950 | Q20: =O20*P20 -> 40950
A21: Papa | B21: =PRODUCT(SEMANAL!$D12,B$13)/1000+PRODUCT(SEMANAL!$B12,B$14)/1000 -> 9.4 | C21: =PRODUCT(SEMANAL!$D12,C$13)/1000+PRODUCT(SEMANAL!$B12,C$14)/1000 -> 0 | D21: =PRODUCT(SEMANAL!$D12,D$13)/1000+PRODUCT(SEMANAL!$B12,D$14)/1000 -> 0.6 | E21: =PRODUCT(SEMANAL!$D12,E$13)/1000+PRODUCT(SEMANAL!$B12,E$14)/1000 -> 16.4 | F21: =PRODUCT(SEMANAL!$D12,F$13)/1000+PRODUCT(SEMANAL!$B12,F$14)/1000 -> 0 | G21: =PRODUCT(SEMANAL!$D12,G$13)/1000+PRODUCT(SEMANAL!$B12,G$14)/1000 -> 2.8 | H21: =PRODUCT(SEMANAL!$D12,H$13)/1000+PRODUCT(SEMANAL!$B12,H$14)/1000 -> 0 | I21: =PRODUCT(SEMANAL!$D12,I$13)/1000+PRODUCT(SEMANAL!$B12,I$14)/1000 -> 0 | ... N21: =PRODUCT(SEMANAL!$D12,N$13)/1000+PRODUCT(SEMANAL!$B12,N$14)/1000 -> 2 | O21: =SUM('OC FRUT y VERD AZUL 2'!B21:N21) -> 72 | P21: 1090 | Q21: =O21*P21 -> 78480
A22: Cebolla | B22: =PRODUCT(SEMANAL!$D13,B$13)/1000+PRODUCT(SEMANAL!$B13,B$14)/1000 -> 3.525 | C22: =PRODUCT(SEMANAL!$D13,C$13)/1000+PRODUCT(SEMANAL!$B13,C$14)/1000 -> 0 | D22: =PRODUCT(SEMANAL!$D13,D$13)/1000+PRODUCT(SEMANAL!$B13,D$14)/1000 -> 0.225 | E22: =PRODUCT(SEMANAL!$D13,E$13)/1000+PRODUCT(SEMANAL!$B13,E$14)/1000 -> 6.15 | F22: =PRODUCT(SEMANAL!$D13,F$13)/1000+PRODUCT(SEMANAL!$B13,F$14)/1000 -> 0 | G22: =PRODUCT(SEMANAL!$D13,G$13)/1000+PRODUCT(SEMANAL!$B13,G$14)/1000 -> 1.05 | H22: =PRODUCT(SEMANAL!$D13,H$13)/1000+PRODUCT(SEMANAL!$B13,H$14)/1000 -> 0 | I22: =PRODUCT(SEMANAL!$D13,I$13)/1000+PRODUCT(SEMANAL!$B13,I$14)/1000 -> 0 | ... N22: =PRODUCT(SEMANAL!$D13,N$13)/1000+PRODUCT(SEMANAL!$B13,N$14)/1000 -> 0.75 | O22: =SUM('OC FRUT y VERD AZUL 2'!B22:N22) -> 31 | P22: 1090 | Q22: =O22*P22 -> 33790
A23: Zanahoria | B23: =PRODUCT(SEMANAL!$D14,B$13)/1000+PRODUCT(SEMANAL!$B14,B$14)/1000 -> 2.35 | C23: =PRODUCT(SEMANAL!$D14,C$13)/1000+PRODUCT(SEMANAL!$B14,C$14)/1000 -> 0 | D23: =PRODUCT(SEMANAL!$D14,D$13)/1000+PRODUCT(SEMANAL!$B14,D$14)/1000 -> 0.15 | E23: =PRODUCT(SEMANAL!$D14,E$13)/1000+PRODUCT(SEMANAL!$B14,E$14)/1000 -> 4.1 | F23: =PRODUCT(SEMANAL!$D14,F$13)/1000+PRODUCT(SEMANAL!$B14,F$14)/1000 -> 0 | G23: =PRODUCT(SEMANAL!$D14,G$13)/1000+PRODUCT(SEMANAL!$B14,G$14)/1000 -> 0.7 | H23: =PRODUCT(SEMANAL!$D14,H$13)/1000+PRODUCT(SEMANAL!$B14,H$14)/1000 -> 0 | I23: =PRODUCT(SEMANAL!$D14,I$13)/1000+PRODUCT(SEMANAL!$B14,I$14)/1000 -> 0 | ... N23: =PRODUCT(SEMANAL!$D14,N$13)/1000+PRODUCT(SEMANAL!$B14,N$14)/1000 -> 0.5 | O23: =SUM('OC FRUT y VERD AZUL 2'!B23:N23) -> 17 | P23: 1590 | Q23: =O23*P23 -> 27030
A24: Tomate | B24: =PRODUCT(SEMANAL!$D15,B$13)/1000+PRODUCT(SEMANAL!$B15,B$14)/1000 -> 1.645 | C24: =PRODUCT(SEMANAL!$D15,C$13)/1000+PRODUCT(SEMANAL!$B15,C$14)/1000 -> 0 | D24: =PRODUCT(SEMANAL!$D15,D$13)/1000+PRODUCT(SEMANAL!$B15,D$14)/1000 -> 0.105 | E24: =PRODUCT(SEMANAL!$D15,E$13)/1000+PRODUCT(SEMANAL!$B15,E$14)/1000 -> 2.87 | F24: =PRODUCT(SEMANAL!$D15,F$13)/1000+PRODUCT(SEMANAL!$B15,F$14)/1000 -> 0 | G24: =PRODUCT(SEMANAL!$D15,G$13)/1000+PRODUCT(SEMANAL!$B15,G$14)/1000 -> 0.49 | H24: =PRODUCT(SEMANAL!$D15,H$13)/1000+PRODUCT(SEMANAL!$B15,H$14)/1000 -> 0 | I24: =PRODUCT(SEMANAL!$D15,I$13)/1000+PRODUCT(SEMANAL!$B15,I$14)/1000 -> 0 | ... N24: =PRODUCT(SEMANAL!$D15,N$13)/1000+PRODUCT(SEMANAL!$B15,N$14)/1000 -> 0.35 | O24: =SUM('OC FRUT y VERD AZUL 2'!B24:N24) -> 13 | P24: 1890 | Q24: =O24*P24 -> 24570
A25: Ajo | B25: =PRODUCT(SEMANAL!$D16,B$13)/1000+PRODUCT(SEMANAL!$B16,B$14)/1000 -> 0.0094 | C25: =PRODUCT(SEMANAL!$D16,C$13)/1000+PRODUCT(SEMANAL!$B16,C$14)/1000 -> 0 | D25: =PRODUCT(SEMANAL!$D16,D$13)/1000+PRODUCT(SEMANAL!$B16,D$14)/1000 -> 0.0006 | E25: =PRODUCT(SEMANAL!$D16,E$13)/1000+PRODUCT(SEMANAL!$B16,E$14)/1000 -> 0.0164 | F25: =PRODUCT(SEMANAL!$D16,F$13)/1000+PRODUCT(SEMANAL!$B16,F$14)/1000 -> 0 | G25: =PRODUCT(SEMANAL!$D16,G$13)/1000+PRODUCT(SEMANAL!$B16,G$14)/1000 -> 0.0028 | H25: =PRODUCT(SEMANAL!$D16,H$13)/1000+PRODUCT(SEMANAL!$B16,H$14)/1000 -> 0 | I25: =PRODUCT(SEMANAL!$D16,I$13)/1000+PRODUCT(SEMANAL!$B16,I$14)/1000 -> 0 | ... N25: =PRODUCT(SEMANAL!$D16,N$13)/1000+PRODUCT(SEMANAL!$B16,N$14)/1000 -> 0.002 | O25: =SUM('OC FRUT y VERD AZUL 2'!B25:N25) -> 6 | P25: 700 | Q25: =O25*P25 -> 4200
A26: Perejil | B26: =PRODUCT(SEMANAL!$D17,B$13)/1000+PRODUCT(SEMANAL!$B17,B$14)/1000 -> 0.0094 | C26: =PRODUCT(SEMANAL!$D17,C$13)/1000+PRODUCT(SEMANAL!$B17,C$14)/1000 -> 0 | D26: =PRODUCT(SEMANAL!$D17,D$13)/1000+PRODUCT(SEMANAL!$B17,D$14)/1000 -> 0.0006 | E26: =PRODUCT(SEMANAL!$D17,E$13)/1000+PRODUCT(SEMANAL!$B17,E$14)/1000 -> 0.0164 | F26: =PRODUCT(SEMANAL!$D17,F$13)/1000+PRODUCT(SEMANAL!$B17,F$14)/1000 -> 0 | G26: =PRODUCT(SEMANAL!$D17,G$13)/1000+PRODUCT(SEMANAL!$B17,G$14)/1000 -> 0.0028 | H26: =PRODUCT(SEMANAL!$D17,H$13)/1000+PRODUCT(SEMANAL!$B17,H$14)/1000 -> 0 | I26: =PRODUCT(SEMANAL!$D17,I$13)/1000+PRODUCT(SEMANAL!$B17,I$14)/1000 -> 0 | ... N26: =PRODUCT(SEMANAL!$D17,N$13)/1000+PRODUCT(SEMANAL!$B17,N$14)/1000 -> 0.002 | O26: =SUM('OC FRUT y VERD AZUL 2'!B26:N26) -> 6 | P26: 1990 | Q26: =O26*P26 -> 11940
A27: Huevo de gallina x doc | B27: =PRODUCT(SEMANAL!$D18,B$13)/12+PRODUCT(SEMANAL!$B18,B$14)/12 -> 5.875 | C27: =PRODUCT(SEMANAL!$D18,C$13)/12+PRODUCT(SEMANAL!$B18,C$14)/12 -> 0 | D27: =PRODUCT(SEMANAL!$D18,D$13)/12+PRODUCT(SEMANAL!$B18,D$14)/12 -> 0.375 | E27: =PRODUCT(SEMANAL!$D18,E$13)/12+PRODUCT(SEMANAL!$B18,E$14)/12 -> 10.25 | F27: =PRODUCT(SEMANAL!$D18,F$13)/12+PRODUCT(SEMANAL!$B18,F$14)/12 -> 0 | G27: =PRODUCT(SEMANAL!$D18,G$13)/12+PRODUCT(SEMANAL!$B18,G$14)/12 -> 1.75 | H27: =PRODUCT(SEMANAL!$D18,H$13)/12+PRODUCT(SEMANAL!$B18,H$14)/12 -> 0 | I27: =PRODUCT(SEMANAL!$D18,I$13)/12+PRODUCT(SEMANAL!$B18,I$14)/12 -> 0 | ... N27: =PRODUCT(SEMANAL!$D18,N$13)/12+PRODUCT(SEMANAL!$B18,N$14)/12 -> 1.25 | O27: =SUM('OC FRUT y VERD AZUL 2'!B27:N27) -> 46 | P27: 2100 | Q27: =O27*P27 -> 96600
P31: TOTAL | Q31: =Q15+Q16+Q17+Q18+Q19+Q20+Q21+Q22+Q23+Q24+Q25+Q26+Q27 -> 1331280
B37: EP 26 | C37: EP 27 | D37: EP 33 | E37: EP36 JIR2 | F37: EP 37 | G37: EP38 JIR15 | H37: EP39 JIR10 | I37: EP 41 | J37: EP 43 | K37: EP50 JIR 13 | L37: EP 53 | M37: EP 55 | N37: EP57 JIR 11
B38: 49 | C38: 230 | D38: 19 | E38: 38 | F38: 26 | G38: 5 | H38: 5 | I38: 8 | J38: 8 | K38: 7 | L38: 10 | M38: 17 | N38: 9
B39: 40 | C39: 115 | D39: 0 | E39: 0 | F39: 13 | G39: 1 | H39: 0 | I39: 0 | J39: 0 | K39: 0 | L39: 0 | M39: 0 | N39: 3
A40: MANZANA | B40: =PRODUCT(SEMANAL!$D6,B$38)/1000+PRODUCT(SEMANAL!$B6,B$39)/1000 -> 10.925 | C40: =PRODUCT(SEMANAL!$D6,C$38)/1000+PRODUCT(SEMANAL!$B6,C$39)/1000 -> 42.55 | D40: =PRODUCT(SEMANAL!$D6,D$38)/1000+PRODUCT(SEMANAL!$B6,D$39)/1000 -> 2.375 | E40: =PRODUCT(SEMANAL!$D6,E$38)/1000+PRODUCT(SEMANAL!$B6,E$39)/1000 -> 4.75 | F40: =PRODUCT(SEMANAL!$D6,F$38)/1000+PRODUCT(SEMANAL!$B6,F$39)/1000 -> 4.81 | G40: =PRODUCT(SEMANAL!$D6,G$38)/1000+PRODUCT(SEMANAL!$B6,G$39)/1000 -> 0.745 | H40: =PRODUCT(SEMANAL!$D6,H$38)/1000+PRODUCT(SEMANAL!$B6,H$39)/1000 -> 0.625 | I40: =PRODUCT(SEMANAL!$D6,I$38)/1000+PRODUCT(SEMANAL!$B6,I$39)/1000 -> 1 | ... N40: =PRODUCT(SEMANAL!$D6,N$38)/1000+PRODUCT(SEMANAL!$B6,N$39)/1000 -> 1.485 | O40: =SUM('OC FRUT y VERD AZUL 2'!B36:N36) -> 64 | P40: 2390 | Q40: =O40*P40 -> 152960
A41: BANANA | B41: =PRODUCT(SEMANAL!$D$7,B$38)/1000+PRODUCT(SEMANAL!$B$7,B$39)/1000 -> 4.8 | C41: =PRODUCT(SEMANAL!$D$7,C$38)/1000+PRODUCT(SEMANAL!$B$7,C$39)/1000 -> 13.8 | D41: =PRODUCT(SEMANAL!$D$7,D$38)/1000+PRODUCT(SEMANAL!$B$7,D$39)/1000 -> 0 | E41: =PRODUCT(SEMANAL!$D$7,E$38)/1000+PRODUCT(SEMANAL!$B$7,E$39)/1000 -> 0 | F41: =PRODUCT(SEMANAL!$D$7,F$38)/1000+PRODUCT(SEMANAL!$B$7,F$39)/1000 -> 1.56 | G41: =PRODUCT(SEMANAL!$D$7,G$38)/1000+PRODUCT(SEMANAL!$B$7,G$39)/1000 -> 0.12 | H41: =PRODUCT(SEMANAL!$D$7,H$38)/1000+PRODUCT(SEMANAL!$B$7,H$39)/1000 -> 0 | I41: =PRODUCT(SEMANAL!$D$7,I$38)/1000+PRODUCT(SEMANAL!$B$7,I$39)/1000 -> 0 | ... N41: =PRODUCT(SEMANAL!$D$7,N$38)/1000+PRODUCT(SEMANAL!$B$7,N$39)/1000 -> 0.36 | O41: =SUM('OC FRUT y VERD AZUL 2'!B37:N37) -> 22 | P41: 2550 | Q41: =O41*P41 -> 56100
A42: NARANJA O MANDARINA | B42: =PRODUCT(SEMANAL!$D8,B$38)/1000+PRODUCT(SEMANAL!$B8,B$39)/1000 -> 21.85 | C42: =PRODUCT(SEMANAL!$D8,C$38)/1000+PRODUCT(SEMANAL!$B8,C$39)/1000 -> 85.1 | D42: =PRODUCT(SEMANAL!$D8,D$38)/1000+PRODUCT(SEMANAL!$B8,D$39)/1000 -> 4.75 | E42: =PRODUCT(SEMANAL!$D8,E$38)/1000+PRODUCT(SEMANAL!$B8,E$39)/1000 -> 9.5 | F42: =PRODUCT(SEMANAL!$D8,F$38)/1000+PRODUCT(SEMANAL!$B8,F$39)/1000 -> 9.62 | G42: =PRODUCT(SEMANAL!$D8,G$38)/1000+PRODUCT(SEMANAL!$B8,G$39)/1000 -> 1.49 | H42: =PRODUCT(SEMANAL!$D8,H$38)/1000+PRODUCT(SEMANAL!$B8,H$39)/1000 -> 1.25 | I42: =PRODUCT(SEMANAL!$D8,I$38)/1000+PRODUCT(SEMANAL!$B8,I$39)/1000 -> 2 | ... N42: =PRODUCT(SEMANAL!$D8,N$38)/1000+PRODUCT(SEMANAL!$B8,N$39)/1000 -> 2.97 | O42: =SUM('OC FRUT y VERD AZUL 2'!B38:N38) -> 142 | P42: 1710 | Q42: =O42*P42 -> 242820
A43: PERA | B43: =PRODUCT(SEMANAL!$D9,B$38)/1000+PRODUCT(SEMANAL!$B9,B$39)/1000 -> 0 | C43: =PRODUCT(SEMANAL!$D9,C$38)/1000+PRODUCT(SEMANAL!$B9,C$39)/1000 -> 0 | D43: =PRODUCT(SEMANAL!$D9,D$38)/1000+PRODUCT(SEMANAL!$B9,D$39)/1000 -> 0 | E43: =PRODUCT(SEMANAL!$D9,E$38)/1000+PRODUCT(SEMANAL!$B9,E$39)/1000 -> 0 | F43: =PRODUCT(SEMANAL!$D9,F$38)/1000+PRODUCT(SEMANAL!$B9,F$39)/1000 -> 0 | G43: =PRODUCT(SEMANAL!$D9,G$38)/1000+PRODUCT(SEMANAL!$B9,G$39)/1000 -> 0 | H43: =PRODUCT(SEMANAL!$D9,H$38)/1000+PRODUCT(SEMANAL!$B9,H$39)/1000 -> 0 | I43: =PRODUCT(SEMANAL!$D9,I$38)/1000+PRODUCT(SEMANAL!$B9,I$39)/1000 -> 0 | ... N43: =PRODUCT(SEMANAL!$D9,N$38)/1000+PRODUCT(SEMANAL!$B9,N$39)/1000 -> 0 | O43: =SUM('OC FRUT y VERD AZUL 2'!B39:N39) -> 0 | P43: 2200 | Q43: =O43*P43 -> 0
A44: Zapallo ANCO | B44: =PRODUCT(SEMANAL!$D10,B$38)/1000+PRODUCT(SEMANAL!$B10,B$39)/1000 -> 5.6 | C44: =PRODUCT(SEMANAL!$D10,C$38)/1000+PRODUCT(SEMANAL!$B10,C$39)/1000 -> 16.1 | D44: =PRODUCT(SEMANAL!$D10,D$38)/1000+PRODUCT(SEMANAL!$B10,D$39)/1000 -> 0 | E44: =PRODUCT(SEMANAL!$D10,E$38)/1000+PRODUCT(SEMANAL!$B10,E$39)/1000 -> 0 | F44: =PRODUCT(SEMANAL!$D10,F$38)/1000+PRODUCT(SEMANAL!$B10,F$39)/1000 -> 1.82 | G44: =PRODUCT(SEMANAL!$D10,G$38)/1000+PRODUCT(SEMANAL!$B10,G$39)/1000 -> 0.14 | H44: =PRODUCT(SEMANAL!$D10,H$38)/1000+PRODUCT(SEMANAL!$B10,H$39)/1000 -> 0 | I44: =PRODUCT(SEMANAL!$D10,I$38)/1000+PRODUCT(SEMANAL!$B10,I$39)/1000 -> 0 | ... N44: =PRODUCT(SEMANAL!$D10,N$38)/1000+PRODUCT(SEMANAL!$B10,N$39)/1000 -> 0.42 | O44: =SUM('OC FRUT y VERD AZUL 2'!B40:N40) -> 26 | P44: 1350 | Q44: =O44*P44 -> 35100
A45: Zapallo verde | B45: =PRODUCT(SEMANAL!$D11,B$38)/1000+PRODUCT(SEMANAL!B$11,B$39)/1000 -> 2 | C45: =PRODUCT(SEMANAL!$D11,C$38)/1000+PRODUCT(SEMANAL!C$11,C$39)/1000 -> 0.115 | D45: =PRODUCT(SEMANAL!$D11,D$38)/1000+PRODUCT(SEMANAL!D$11,D$39)/1000 -> 0 | E45: =PRODUCT(SEMANAL!$D11,E$38)/1000+PRODUCT(SEMANAL!E$11,E$39)/1000 -> 0 | F45: =PRODUCT(SEMANAL!$D11,F$38)/1000+PRODUCT(SEMANAL!F$11,F$39)/1000 -> 0.65 | G45: =PRODUCT(SEMANAL!$D11,G$38)/1000+PRODUCT(SEMANAL!G$11,G$39)/1000 -> 0 | H45: =PRODUCT(SEMANAL!$D11,H$38)/1000+PRODUCT(SEMANAL!H$11,H$39)/1000 -> 0 | I45: =PRODUCT(SEMANAL!$D11,I$38)/1000+PRODUCT(SEMANAL!I$11,I$39)/1000 -> 0 | ... N45: =PRODUCT(SEMANAL!$D11,N$38)/1000+PRODUCT(SEMANAL!N$11,N$39)/1000 -> 0.003 | O45: =SUM('OC FRUT y VERD AZUL 2'!B41:N41) -> 2 | P45: 1950 | Q45: =O45*P45 -> 3900
A46: Papa | B46: =PRODUCT(SEMANAL!$D12,B$38)/1000+PRODUCT(SEMANAL!$B12,B$39)/1000 -> 8 | C46: =PRODUCT(SEMANAL!$D12,C$38)/1000+PRODUCT(SEMANAL!$B12,C$39)/1000 -> 23 | D46: =PRODUCT(SEMANAL!$D12,D$38)/1000+PRODUCT(SEMANAL!$B12,D$39)/1000 -> 0 | E46: =PRODUCT(SEMANAL!$D12,E$38)/1000+PRODUCT(SEMANAL!$B12,E$39)/1000 -> 0 | F46: =PRODUCT(SEMANAL!$D12,F$38)/1000+PRODUCT(SEMANAL!$B12,F$39)/1000 -> 2.6 | G46: =PRODUCT(SEMANAL!$D12,G$38)/1000+PRODUCT(SEMANAL!$B12,G$39)/1000 -> 0.2 | H46: =PRODUCT(SEMANAL!$D12,H$38)/1000+PRODUCT(SEMANAL!$B12,H$39)/1000 -> 0 | I46: =PRODUCT(SEMANAL!$D12,I$38)/1000+PRODUCT(SEMANAL!$B12,I$39)/1000 -> 0 | ... N46: =PRODUCT(SEMANAL!$D12,N$38)/1000+PRODUCT(SEMANAL!$B12,N$39)/1000 -> 0.6 | O46: =SUM('OC FRUT y VERD AZUL 2'!B42:N42) -> 35 | P46: 1090 | Q46: =O46*P46 -> 38150
A47: Cebolla | B47: =PRODUCT(SEMANAL!$D13,B$38)/1000+PRODUCT(SEMANAL!$B13,B$39)/1000 -> 3 | C47: =PRODUCT(SEMANAL!$D13,C$38)/1000+PRODUCT(SEMANAL!$B13,C$39)/1000 -> 8.625 | D47: =PRODUCT(SEMANAL!$D13,D$38)/1000+PRODUCT(SEMANAL!$B13,D$39)/1000 -> 0 | E47: =PRODUCT(SEMANAL!$D13,E$38)/1000+PRODUCT(SEMANAL!$B13,E$39)/1000 -> 0 | F47: =PRODUCT(SEMANAL!$D13,F$38)/1000+PRODUCT(SEMANAL!$B13,F$39)/1000 -> 0.975 | G47: =PRODUCT(SEMANAL!$D13,G$38)/1000+PRODUCT(SEMANAL!$B13,G$39)/1000 -> 0.075 | H47: =PRODUCT(SEMANAL!$D13,H$38)/1000+PRODUCT(SEMANAL!$B13,H$39)/1000 -> 0 | I47: =PRODUCT(SEMANAL!$D13,I$38)/1000+PRODUCT(SEMANAL!$B13,I$39)/1000 -> 0 | ... N47: =PRODUCT(SEMANAL!$D13,N$38)/1000+PRODUCT(SEMANAL!$B13,N$39)/1000 -> 0.225 | O47: =SUM('OC FRUT y VERD AZUL 2'!B43:N43) -> 10 | P47: 1090 | Q47: =O47*P47 -> 10900
A48: Zanahoria | B48: =PRODUCT(SEMANAL!$D14,B$38)/1000+PRODUCT(SEMANAL!$B14,B$39)/1000 -> 2 | C48: =PRODUCT(SEMANAL!$D14,C$38)/1000+PRODUCT(SEMANAL!$B14,C$39)/1000 -> 5.75 | D48: =PRODUCT(SEMANAL!$D14,D$38)/1000+PRODUCT(SEMANAL!$B14,D$39)/1000 -> 0 | E48: =PRODUCT(SEMANAL!$D14,E$38)/1000+PRODUCT(SEMANAL!$B14,E$39)/1000 -> 0 | F48: =PRODUCT(SEMANAL!$D14,F$38)/1000+PRODUCT(SEMANAL!$B14,F$39)/1000 -> 0.65 | G48: =PRODUCT(SEMANAL!$D14,G$38)/1000+PRODUCT(SEMANAL!$B14,G$39)/1000 -> 0.05 | H48: =PRODUCT(SEMANAL!$D14,H$38)/1000+PRODUCT(SEMANAL!$B14,H$39)/1000 -> 0 | I48: =PRODUCT(SEMANAL!$D14,I$38)/1000+PRODUCT(SEMANAL!$B14,I$39)/1000 -> 0 | ... N48: =PRODUCT(SEMANAL!$D14,N$38)/1000+PRODUCT(SEMANAL!$B14,N$39)/1000 -> 0.15 | O48: =SUM('OC FRUT y VERD AZUL 2'!B44:N44) -> 7 | P48: 1590 | Q48: =O48*P48 -> 11130
A49: Tomate | B49: =PRODUCT(SEMANAL!$D15,B$38)/1000+PRODUCT(SEMANAL!$B15,B$39)/1000 -> 1.4 | C49: =PRODUCT(SEMANAL!$D15,C$38)/1000+PRODUCT(SEMANAL!$B15,C$39)/1000 -> 4.025 | D49: =PRODUCT(SEMANAL!$D15,D$38)/1000+PRODUCT(SEMANAL!$B15,D$39)/1000 -> 0 | E49: =PRODUCT(SEMANAL!$D15,E$38)/1000+PRODUCT(SEMANAL!$B15,E$39)/1000 -> 0 | F49: =PRODUCT(SEMANAL!$D15,F$38)/1000+PRODUCT(SEMANAL!$B15,F$39)/1000 -> 0.455 | G49: =PRODUCT(SEMANAL!$D15,G$38)/1000+PRODUCT(SEMANAL!$B15,G$39)/1000 -> 0.035 | H49: =PRODUCT(SEMANAL!$D15,H$38)/1000+PRODUCT(SEMANAL!$B15,H$39)/1000 -> 0 | I49: =PRODUCT(SEMANAL!$D15,I$38)/1000+PRODUCT(SEMANAL!$B15,I$39)/1000 -> 0 | ... N49: =PRODUCT(SEMANAL!$D15,N$38)/1000+PRODUCT(SEMANAL!$B15,N$39)/1000 -> 0.105 | O49: =SUM('OC FRUT y VERD AZUL 2'!B45:N45) -> 8 | P49: 1890 | Q49: =O49*P49 -> 15120
A50: Ajo | B50: =PRODUCT(SEMANAL!$D16,B$38)/1000+PRODUCT(SEMANAL!$B16,B$39)/1000 -> 0.008 | C50: =PRODUCT(SEMANAL!$D16,C$38)/1000+PRODUCT(SEMANAL!$B16,C$39)/1000 -> 0.023 | D50: =PRODUCT(SEMANAL!$D16,D$38)/1000+PRODUCT(SEMANAL!$B16,D$39)/1000 -> 0 | E50: =PRODUCT(SEMANAL!$D16,E$38)/1000+PRODUCT(SEMANAL!$B16,E$39)/1000 -> 0 | F50: =PRODUCT(SEMANAL!$D16,F$38)/1000+PRODUCT(SEMANAL!$B16,F$39)/1000 -> 0.0026 | G50: =PRODUCT(SEMANAL!$D16,G$38)/1000+PRODUCT(SEMANAL!$B16,G$39)/1000 -> 0.0002 | H50: =PRODUCT(SEMANAL!$D16,H$38)/1000+PRODUCT(SEMANAL!$B16,H$39)/1000 -> 0 | I50: =PRODUCT(SEMANAL!$D16,I$38)/1000+PRODUCT(SEMANAL!$B16,I$39)/1000 -> 0 | ... N50: =PRODUCT(SEMANAL!$D16,N$38)/1000+PRODUCT(SEMANAL!$B16,N$39)/1000 -> 0.0006 | O50: =SUM('OC FRUT y VERD AZUL 2'!B46:N46) -> 3 | P50: 700 | Q50: =O50*P50 -> 2100
A51: Perejil | B51: =PRODUCT(SEMANAL!$D17,B$38)/1000+PRODUCT(SEMANAL!$B17,B$39)/1000 -> 0.008 | C51: =PRODUCT(SEMANAL!$D17,C$38)/1000+PRODUCT(SEMANAL!$B17,C$39)/1000 -> 0.023 | D51: =PRODUCT(SEMANAL!$D17,D$38)/1000+PRODUCT(SEMANAL!$B17,D$39)/1000 -> 0 | E51: =PRODUCT(SEMANAL!$D17,E$38)/1000+PRODUCT(SEMANAL!$B17,E$39)/1000 -> 0 | F51: =PRODUCT(SEMANAL!$D17,F$38)/1000+PRODUCT(SEMANAL!$B17,F$39)/1000 -> 0.0026 | G51: =PRODUCT(SEMANAL!$D17,G$38)/1000+PRODUCT(SEMANAL!$B17,G$39)/1000 -> 0.0002 | H51: =PRODUCT(SEMANAL!$D17,H$38)/1000+PRODUCT(SEMANAL!$B17,H$39)/1000 -> 0 | I51: =PRODUCT(SEMANAL!$D17,I$38)/1000+PRODUCT(SEMANAL!$B17,I$39)/1000 -> 0 | ... N51: =PRODUCT(SEMANAL!$D17,N$38)/1000+PRODUCT(SEMANAL!$B17,N$39)/1000 -> 0.0006 | O51: =SUM('OC FRUT y VERD AZUL 2'!B47:N47) -> 2 | P51: 1990 | Q51: =O51*P51 -> 3980
A52: Huevo de gallina x doc | B52: =PRODUCT(SEMANAL!$D18,B$38)/12+PRODUCT(SEMANAL!$B18,B$39)/12 -> 5 | C52: =PRODUCT(SEMANAL!$D18,C$38)/12+PRODUCT(SEMANAL!$B18,C$39)/12 -> 14.375 | D52: =PRODUCT(SEMANAL!$D18,D$38)/12+PRODUCT(SEMANAL!$B18,D$39)/12 -> 0 | E52: =PRODUCT(SEMANAL!$D18,E$38)/12+PRODUCT(SEMANAL!$B18,E$39)/12 -> 0 | F52: =PRODUCT(SEMANAL!$D18,F$38)/12+PRODUCT(SEMANAL!$B18,F$39)/12 -> 1.625 | G52: =PRODUCT(SEMANAL!$D18,G$38)/12+PRODUCT(SEMANAL!$B18,G$39)/12 -> 0.125 | H52: =PRODUCT(SEMANAL!$D18,H$38)/12+PRODUCT(SEMANAL!$B18,H$39)/12 -> 0 | I52: =PRODUCT(SEMANAL!$D18,I$38)/12+PRODUCT(SEMANAL!$B18,I$39)/12 -> 0 | ... N52: =PRODUCT(SEMANAL!$D18,N$38)/12+PRODUCT(SEMANAL!$B18,N$39)/12 -> 0.375 | O52: =SUM('OC FRUT y VERD AZUL 2'!B48:N48) -> 17 | P52: 2100 | Q52: =O52*P52 -> 35700
P53: TOTAL | Q53: =Q40+Q41+Q42+Q43+Q44+Q45+Q46+Q47+Q48+Q49+Q50+Q51+Q52 -> 607960
B59: EP 62 | C59: EP 64 | D59: EP 65 | E59: EP 66 | F59: Ins. San | G59: EES 7 | H59: EES 8 | I59: EES 9 | J59: EES 9 | K59: EES 10 | L59: EES 11 | M59: EES 11 | N59: EES 12
F60: PRIM | I60: EP 7 | J60: EP 36 | L60: EP 18 | M60: EP 14 | N60: EP 27
B61: 167 | C61: 148 | D61: 7 | E61: 178 | F61: 108 | G61: 35 | H61: 149 | I61: 99 | J61: 33 | K61: 150 | L61: 123 | M61: 78 | N61: 170
B62: 60 | C62: 100 | D62: 0 | E62: 89 | F62: 0 | G62: 0 | H62: 149 | I62: 0 | J62: 0 | K62: 95 | L62: 0 | M62: 0 | N62: 70
A63: MANZANA | B63: =PRODUCT(SEMANAL!$D6,B$61)/1000+PRODUCT(SEMANAL!$B6,B$62)/1000 -> 28.075 | C63: =PRODUCT(SEMANAL!$D6,C$61)/1000+PRODUCT(SEMANAL!$B6,C$62)/1000 -> 30.5 | D63: =PRODUCT(SEMANAL!$D6,D$61)/1000+PRODUCT(SEMANAL!$B6,D$62)/1000 -> 0.875 | E63: =PRODUCT(SEMANAL!$D6,E$61)/1000+PRODUCT(SEMANAL!$B6,E$62)/1000 -> 32.93 | F63: =PRODUCT(SEMANAL!$D6,F$61)/1000+PRODUCT(SEMANAL!$B6,F$62)/1000 -> 13.5 | G63: =PRODUCT(SEMANAL!$D6,G$61)/1000+PRODUCT(SEMANAL!$B6,G$62)/1000 -> 4.375 | H63: =PRODUCT(SEMANAL!$D6,H$61)/1000+PRODUCT(SEMANAL!$B6,H$62)/1000 -> 36.505 | I63: =PRODUCT(SEMANAL!$D6,I$61)/1000+PRODUCT(SEMANAL!$B6,I$62)/1000 -> 12.375 | ... N63: =PRODUCT(SEMANAL!$D6,N$61)/1000+PRODUCT(SEMANAL!$B6,N$62)/1000 -> 29.65 | O63: =SUM('OC FRUT y VERD AZUL 2'!B59:N59) -> 224 | P63: 2390 | Q63: =O63*P63 -> 535360
A64: BANANA | B64: =PRODUCT(SEMANAL!$D$7,B$61)/1000+PRODUCT(SEMANAL!$B$7,B$62)/1000 -> 7.2 | C64: =PRODUCT(SEMANAL!$D$7,C$61)/1000+PRODUCT(SEMANAL!$B$7,C$62)/1000 -> 12 | D64: =PRODUCT(SEMANAL!$D$7,D$61)/1000+PRODUCT(SEMANAL!$B$7,D$62)/1000 -> 0 | E64: =PRODUCT(SEMANAL!$D$7,E$61)/1000+PRODUCT(SEMANAL!$B$7,E$62)/1000 -> 10.68 | F64: =PRODUCT(SEMANAL!$D$7,F$61)/1000+PRODUCT(SEMANAL!$B$7,F$62)/1000 -> 0 | G64: =PRODUCT(SEMANAL!$D$7,G$61)/1000+PRODUCT(SEMANAL!$B$7,G$62)/1000 -> 0 | H64: =PRODUCT(SEMANAL!$D$7,H$61)/1000+PRODUCT(SEMANAL!$B$7,H$62)/1000 -> 17.88 | I64: =PRODUCT(SEMANAL!$D$7,I$61)/1000+PRODUCT(SEMANAL!$B$7,I$62)/1000 -> 0 | ... N64: =PRODUCT(SEMANAL!$D$7,N$61)/1000+PRODUCT(SEMANAL!$B$7,N$62)/1000 -> 8.4 | O64: =SUM('OC FRUT y VERD AZUL 2'!B60:N60) -> 70 | P64: 2550 | Q64: =O64*P64 -> 178500
A65: NARANJA O MANDARINA | B65: =PRODUCT(SEMANAL!$D8,B$61)/1000+PRODUCT(SEMANAL!$B8,B$62)/1000 -> 56.15 | C65: =PRODUCT(SEMANAL!$D8,C$61)/1000+PRODUCT(SEMANAL!$B8,C$62)/1000 -> 61 | D65: =PRODUCT(SEMANAL!$D8,D$61)/1000+PRODUCT(SEMANAL!$B8,D$62)/1000 -> 1.75 | E65: =PRODUCT(SEMANAL!$D8,E$61)/1000+PRODUCT(SEMANAL!$B8,E$62)/1000 -> 65.86 | F65: =PRODUCT(SEMANAL!$D8,F$61)/1000+PRODUCT(SEMANAL!$B8,F$62)/1000 -> 27 | G65: =PRODUCT(SEMANAL!$D8,G$61)/1000+PRODUCT(SEMANAL!$B8,G$62)/1000 -> 8.75 | H65: =PRODUCT(SEMANAL!$D8,H$61)/1000+PRODUCT(SEMANAL!$B8,H$62)/1000 -> 73.01 | I65: =PRODUCT(SEMANAL!$D8,I$61)/1000+PRODUCT(SEMANAL!$B8,I$62)/1000 -> 24.75 | ... N65: =PRODUCT(SEMANAL!$D8,N$61)/1000+PRODUCT(SEMANAL!$B8,N$62)/1000 -> 59.3 | O65: =SUM('OC FRUT y VERD AZUL 2'!B61:N61) -> 502 | P65: 1710 | Q65: =O65*P65 -> 858420
A66: PERA | B66: =PRODUCT(SEMANAL!$D9,B$61)/1000+PRODUCT(SEMANAL!$B9,B$62)/1000 -> 0 | C66: =PRODUCT(SEMANAL!$D9,C$61)/1000+PRODUCT(SEMANAL!$B9,C$62)/1000 -> 0 | D66: =PRODUCT(SEMANAL!$D9,D$61)/1000+PRODUCT(SEMANAL!$B9,D$62)/1000 -> 0 | E66: =PRODUCT(SEMANAL!$D9,E$61)/1000+PRODUCT(SEMANAL!$B9,E$62)/1000 -> 0 | F66: =PRODUCT(SEMANAL!$D9,F$61)/1000+PRODUCT(SEMANAL!$B9,F$62)/1000 -> 0 | G66: =PRODUCT(SEMANAL!$D9,G$61)/1000+PRODUCT(SEMANAL!$B9,G$62)/1000 -> 0 | H66: =PRODUCT(SEMANAL!$D9,H$61)/1000+PRODUCT(SEMANAL!$B9,H$62)/1000 -> 0 | I66: =PRODUCT(SEMANAL!$D9,I$61)/1000+PRODUCT(SEMANAL!$B9,I$62)/1000 -> 0 | ... N66: =PRODUCT(SEMANAL!$D9,N$61)/1000+PRODUCT(SEMANAL!$B9,N$62)/1000 -> 0 | O66: =SUM('OC FRUT y VERD AZUL 2'!B62:N62) -> 0 | P66: 2200 | Q66: =O66*P66 -> 0
A67: Zapallo ANCO | B67: =PRODUCT(SEMANAL!$D10,B$61)/1000+PRODUCT(SEMANAL!$B10,B$62)/1000 -> 8.4 | C67: =PRODUCT(SEMANAL!$D10,C$61)/1000+PRODUCT(SEMANAL!$B10,C$62)/1000 -> 14 | D67: =PRODUCT(SEMANAL!$D10,D$61)/1000+PRODUCT(SEMANAL!$B10,D$62)/1000 -> 0 | E67: =PRODUCT(SEMANAL!$D10,E$61)/1000+PRODUCT(SEMANAL!$B10,E$62)/1000 -> 12.46 | F67: =PRODUCT(SEMANAL!$D10,F$61)/1000+PRODUCT(SEMANAL!$B10,F$62)/1000 -> 0 | G67: =PRODUCT(SEMANAL!$D10,G$61)/1000+PRODUCT(SEMANAL!$B10,G$62)/1000 -> 0 | H67: =PRODUCT(SEMANAL!$D10,H$61)/1000+PRODUCT(SEMANAL!$B10,H$62)/1000 -> 20.86 | I67: =PRODUCT(SEMANAL!$D10,I$61)/1000+PRODUCT(SEMANAL!$B10,I$62)/1000 -> 0 | ... N67: =PRODUCT(SEMANAL!$D10,N$61)/1000+PRODUCT(SEMANAL!$B10,N$62)/1000 -> 9.8 | O67: =SUM('OC FRUT y VERD AZUL 2'!B63:N63) -> 51 | P67: 1350 | Q67: =O67*P67 -> 68850
A68: Zapallo verde | B68: =PRODUCT(SEMANAL!$D11,B$61)/1000+PRODUCT(SEMANAL!$B11,B$62)/1000 -> 3 | C68: =PRODUCT(SEMANAL!$D11,C$61)/1000+PRODUCT(SEMANAL!$B11,C$62)/1000 -> 5 | D68: =PRODUCT(SEMANAL!$D11,D$61)/1000+PRODUCT(SEMANAL!$B11,D$62)/1000 -> 0 | E68: =PRODUCT(SEMANAL!$D11,E$61)/1000+PRODUCT(SEMANAL!$B11,E$62)/1000 -> 4.45 | F68: =PRODUCT(SEMANAL!$D11,F$61)/1000+PRODUCT(SEMANAL!$B11,F$62)/1000 -> 0 | G68: =PRODUCT(SEMANAL!$D11,G$61)/1000+PRODUCT(SEMANAL!$B11,G$62)/1000 -> 0 | H68: =PRODUCT(SEMANAL!$D11,H$61)/1000+PRODUCT(SEMANAL!$B11,H$62)/1000 -> 7.45 | I68: =PRODUCT(SEMANAL!$D11,I$61)/1000+PRODUCT(SEMANAL!$B11,I$62)/1000 -> 0 | ... N68: =PRODUCT(SEMANAL!$D11,N$61)/1000+PRODUCT(SEMANAL!$B11,N$62)/1000 -> 3.5 | O68: =SUM('OC FRUT y VERD AZUL 2'!B64:N64) -> 17 | P68: 1950 | Q68: =O68*P68 -> 33150
A69: Papa | B69: =PRODUCT(SEMANAL!$D12,B$61)/1000+PRODUCT(SEMANAL!$B12,B$62)/1000 -> 12 | C69: =PRODUCT(SEMANAL!$D12,C$61)/1000+PRODUCT(SEMANAL!$B12,C$62)/1000 -> 20 | D69: =PRODUCT(SEMANAL!$D12,D$61)/1000+PRODUCT(SEMANAL!$B12,D$62)/1000 -> 0 | E69: =PRODUCT(SEMANAL!$D12,E$61)/1000+PRODUCT(SEMANAL!$B12,E$62)/1000 -> 17.8 | F69: =PRODUCT(SEMANAL!$D12,F$61)/1000+PRODUCT(SEMANAL!$B12,F$62)/1000 -> 0 | G69: =PRODUCT(SEMANAL!$D12,G$61)/1000+PRODUCT(SEMANAL!$B12,G$62)/1000 -> 0 | H69: =PRODUCT(SEMANAL!$D12,H$61)/1000+PRODUCT(SEMANAL!$B12,H$62)/1000 -> 29.8 | I69: =PRODUCT(SEMANAL!$D12,I$61)/1000+PRODUCT(SEMANAL!$B12,I$62)/1000 -> 0 | ... N69: =PRODUCT(SEMANAL!$D12,N$61)/1000+PRODUCT(SEMANAL!$B12,N$62)/1000 -> 14 | O69: =SUM('OC FRUT y VERD AZUL 2'!B65:N65) -> 113 | P69: 1090 | Q69: =O69*P69 -> 123170
A70: Cebolla | B70: =PRODUCT(SEMANAL!$D13,B$61)/1000+PRODUCT(SEMANAL!$B13,B$62)/1000 -> 4.5 | C70: =PRODUCT(SEMANAL!$D13,C$61)/1000+PRODUCT(SEMANAL!$B13,C$62)/1000 -> 7.5 | D70: =PRODUCT(SEMANAL!$D13,D$61)/1000+PRODUCT(SEMANAL!$B13,D$62)/1000 -> 0 | E70: =PRODUCT(SEMANAL!$D13,E$61)/1000+PRODUCT(SEMANAL!$B13,E$62)/1000 -> 6.675 | F70: =PRODUCT(SEMANAL!$D13,F$61)/1000+PRODUCT(SEMANAL!$B13,F$62)/1000 -> 0 | G70: =PRODUCT(SEMANAL!$D13,G$61)/1000+PRODUCT(SEMANAL!$B13,G$62)/1000 -> 0 | H70: =PRODUCT(SEMANAL!$D13,H$61)/1000+PRODUCT(SEMANAL!$B13,H$62)/1000 -> 11.175 | I70: =PRODUCT(SEMANAL!$D13,I$61)/1000+PRODUCT(SEMANAL!$B13,I$62)/1000 -> 0 | ... N70: =PRODUCT(SEMANAL!$D13,N$61)/1000+PRODUCT(SEMANAL!$B13,N$62)/1000 -> 5.25 | O70: =SUM('OC FRUT y VERD AZUL 2'!B66:N66) -> 30 | P70: 1090 | Q70: =O70*P70 -> 32700
A71: Zanahoria | B71: =PRODUCT(SEMANAL!$D14,B$61)/1000+PRODUCT(SEMANAL!$B14,B$62)/1000 -> 3 | C71: =PRODUCT(SEMANAL!$D14,C$61)/1000+PRODUCT(SEMANAL!$B14,C$62)/1000 -> 5 | D71: =PRODUCT(SEMANAL!$D14,D$61)/1000+PRODUCT(SEMANAL!$B14,D$62)/1000 -> 0 | E71: =PRODUCT(SEMANAL!$D14,E$61)/1000+PRODUCT(SEMANAL!$B14,E$62)/1000 -> 4.45 | F71: =PRODUCT(SEMANAL!$D14,F$61)/1000+PRODUCT(SEMANAL!$B14,F$62)/1000 -> 0 | G71: =PRODUCT(SEMANAL!$D14,G$61)/1000+PRODUCT(SEMANAL!$B14,G$62)/1000 -> 0 | H71: =PRODUCT(SEMANAL!$D14,H$61)/1000+PRODUCT(SEMANAL!$B14,H$62)/1000 -> 7.45 | I71: =PRODUCT(SEMANAL!$D14,I$61)/1000+PRODUCT(SEMANAL!$B14,I$62)/1000 -> 0 | ... N71: =PRODUCT(SEMANAL!$D14,N$61)/1000+PRODUCT(SEMANAL!$B14,N$62)/1000 -> 3.5 | O71: =SUM('OC FRUT y VERD AZUL 2'!B67:N67) -> 19 | P71: 1590 | Q71: =O71*P71 -> 30210
A72: Tomate | B72: =PRODUCT(SEMANAL!$D15,B$61)/1000+PRODUCT(SEMANAL!$B15,B$62)/1000 -> 2.1 | C72: =PRODUCT(SEMANAL!$D15,C$61)/1000+PRODUCT(SEMANAL!$B15,C$62)/1000 -> 3.5 | D72: =PRODUCT(SEMANAL!$D15,D$61)/1000+PRODUCT(SEMANAL!$B15,D$62)/1000 -> 0 | E72: =PRODUCT(SEMANAL!$D15,E$61)/1000+PRODUCT(SEMANAL!$B15,E$62)/1000 -> 3.115 | F72: =PRODUCT(SEMANAL!$D15,F$61)/1000+PRODUCT(SEMANAL!$B15,F$62)/1000 -> 0 | G72: =PRODUCT(SEMANAL!$D15,G$61)/1000+PRODUCT(SEMANAL!$B15,G$62)/1000 -> 0 | H72: =PRODUCT(SEMANAL!$D15,H$61)/1000+PRODUCT(SEMANAL!$B15,H$62)/1000 -> 5.215 | I72: =PRODUCT(SEMANAL!$D15,I$61)/1000+PRODUCT(SEMANAL!$B15,I$62)/1000 -> 0 | ... N72: =PRODUCT(SEMANAL!$D15,N$61)/1000+PRODUCT(SEMANAL!$B15,N$62)/1000 -> 2.45 | O72: =SUM('OC FRUT y VERD AZUL 2'!B68:N68) -> 20 | P72: 1890 | Q72: =O72*P72 -> 37800
A73: Ajo | B73: =PRODUCT(SEMANAL!$D16,B$61)/1000+PRODUCT(SEMANAL!$B16,B$62)/1000 -> 0.012 | C73: =PRODUCT(SEMANAL!$D16,C$61)/1000+PRODUCT(SEMANAL!$B16,C$62)/1000 -> 0.02 | D73: =PRODUCT(SEMANAL!$D16,D$61)/1000+PRODUCT(SEMANAL!$B16,D$62)/1000 -> 0 | E73: =PRODUCT(SEMANAL!$D16,E$61)/1000+PRODUCT(SEMANAL!$B16,E$62)/1000 -> 0.0178 | F73: =PRODUCT(SEMANAL!$D16,F$61)/1000+PRODUCT(SEMANAL!$B16,F$62)/1000 -> 0 | G73: =PRODUCT(SEMANAL!$D16,G$61)/1000+PRODUCT(SEMANAL!$B16,G$62)/1000 -> 0 | H73: =PRODUCT(SEMANAL!$D16,H$61)/1000+PRODUCT(SEMANAL!$B16,H$62)/1000 -> 0.0298 | I73: =PRODUCT(SEMANAL!$D16,I$61)/1000+PRODUCT(SEMANAL!$B16,I$62)/1000 -> 0 | ... N73: =PRODUCT(SEMANAL!$D16,N$61)/1000+PRODUCT(SEMANAL!$B16,N$62)/1000 -> 0.014 | O73: =SUM('OC FRUT y VERD AZUL 2'!B69:N69) -> 6 | P73: 700 | Q73: =O73*P73 -> 4200
A74: Perejil | B74: =PRODUCT(SEMANAL!$D17,B$61)/1000+PRODUCT(SEMANAL!$B17,B$62)/1000 -> 0.012 | C74: =PRODUCT(SEMANAL!$D17,C$61)/1000+PRODUCT(SEMANAL!$B17,C$62)/1000 -> 0.02 | D74: =PRODUCT(SEMANAL!$D17,D$61)/1000+PRODUCT(SEMANAL!$B17,D$62)/1000 -> 0 | E74: =PRODUCT(SEMANAL!$D17,E$61)/1000+PRODUCT(SEMANAL!$B17,E$62)/1000 -> 0.0178 | F74: =PRODUCT(SEMANAL!$D17,F$61)/1000+PRODUCT(SEMANAL!$B17,F$62)/1000 -> 0 | G74: =PRODUCT(SEMANAL!$D17,G$61)/1000+PRODUCT(SEMANAL!$B17,G$62)/1000 -> 0 | H74: =PRODUCT(SEMANAL!$D17,H$61)/1000+PRODUCT(SEMANAL!$B17,H$62)/1000 -> 0.0298 | I74: =PRODUCT(SEMANAL!$D17,I$61)/1000+PRODUCT(SEMANAL!$B17,I$62)/1000 -> 0 | ... N74: =PRODUCT(SEMANAL!$D17,N$61)/1000+PRODUCT(SEMANAL!$B17,N$62)/1000 -> 0.014 | O74: =SUM('OC FRUT y VERD AZUL 2'!B70:N70) -> 4 | P74: 1990 | Q74: =O74*P74 -> 7960
A75: Huevo de gallina x doc | B75: =PRODUCT(SEMANAL!$D18,B$61)/12+PRODUCT(SEMANAL!$B18,B$62)/12 -> 7.5 | C75: =PRODUCT(SEMANAL!$D18,C$61)/12+PRODUCT(SEMANAL!$B18,C$62)/12 -> 12.5 | D75: =PRODUCT(SEMANAL!$D18,D$61)/12+PRODUCT(SEMANAL!$B18,D$62)/12 -> 0 | E75: =PRODUCT(SEMANAL!$D18,E$61)/12+PRODUCT(SEMANAL!$B18,E$62)/12 -> 11.125 | F75: =PRODUCT(SEMANAL!$D18,F$61)/12+PRODUCT(SEMANAL!$B18,F$62)/12 -> 0 | G75: =PRODUCT(SEMANAL!$D18,G$61)/12+PRODUCT(SEMANAL!$B18,G$62)/12 -> 0 | H75: =PRODUCT(SEMANAL!$D18,H$61)/12+PRODUCT(SEMANAL!$B18,H$62)/12 -> 18.625 | I75: =PRODUCT(SEMANAL!$D18,I$61)/12+PRODUCT(SEMANAL!$B18,I$62)/12 -> 0 | ... N75: =PRODUCT(SEMANAL!$D18,N$61)/12+PRODUCT(SEMANAL!$B18,N$62)/12 -> 8.75 | O75: =SUM('OC FRUT y VERD AZUL 2'!B71:N71) -> 54 | P75: 2100 | Q75: =O75*P75 -> 113400
P76: TOTAL | Q76: =Q63+Q64+Q65+Q66+Q67+Q68+Q69+Q70+Q71+Q72+Q73+Q74+Q75 -> 2023720
B82: EES 12 | C82: EEST 1 | D82: EEST 2 | E82: SAN FCO | F82: CEPT 31 | G82: CFI 1 | H82: 502 | I82: 503 | J82: 504 | K82: 505 | L82: VIVENCIAS | M82: CADRAL | N82: CEC 802
B83: EP 26 | E83: SEC
B84: 68 | C84: 566 | D84: 850 | E84: 121 | F84: 100 | G84: 108 | H84: 124 | I84: 46 | J84: 50 | K84: 104 | L84: 60 | M84: 42 | N84: 103
B85: 68 | C85: 160 | D85: 0 | E85: 0 | F85: 100 | G85: 54 | H85: 62 | I85: 23 | J85: 25 | K85: 52 | L85: 30 | M85: 19 | N85: 103
A86: MANZANA | B86: =PRODUCT(SEMANAL!$D6,B$84)/1000+PRODUCT(SEMANAL!$B6,B$85)/1000 -> 16.66 | C86: =PRODUCT(SEMANAL!$D6,C$84)/1000+PRODUCT(SEMANAL!$B6,C$85)/1000 -> 89.95 | D86: =PRODUCT(SEMANAL!$D6,D$84)/1000+PRODUCT(SEMANAL!$B6,D$85)/1000 -> 106.25 | E86: =PRODUCT(SEMANAL!$D6,E$84)/1000+PRODUCT(SEMANAL!$B6,E$85)/1000 -> 15.125 | F86: =PRODUCT(SEMANAL!$D6,F$84)/1000+PRODUCT(SEMANAL!$B6,F$85)/1000 -> 24.5 | G86: =PRODUCT(SEMANAL!$D6,G$84)/1000+PRODUCT(SEMANAL!$B6,G$85)/1000 -> 19.98 | H86: =PRODUCT(SEMANAL!$D6,H$84)/1000+PRODUCT(SEMANAL!$B6,H$85)/1000 -> 22.94 | I86: =PRODUCT(SEMANAL!$D6,I$84)/1000+PRODUCT(SEMANAL!$B6,I$85)/1000 -> 8.51 | ... N86: =PRODUCT(SEMANAL!$D6,N$84)/1000+PRODUCT(SEMANAL!$B6,N$85)/1000 -> 25.235 | O86: =SUM('OC FRUT y VERD AZUL 2'!B82:N82) -> 418 | P86: 2390 | Q86: =O86*P86 -> 999020
A87: BANANA | B87: =PRODUCT(SEMANAL!$D7,B$84)/1000+PRODUCT(SEMANAL!$B7,B$85)/1000 -> 8.16 | C87: =PRODUCT(SEMANAL!$D7,C$84)/1000+PRODUCT(SEMANAL!$B7,C$85)/1000 -> 19.2 | D87: =PRODUCT(SEMANAL!$D7,D$84)/1000+PRODUCT(SEMANAL!$B7,D$85)/1000 -> 0 | E87: =PRODUCT(SEMANAL!$D7,E$84)/1000+PRODUCT(SEMANAL!$B7,E$85)/1000 -> 0 | F87: =PRODUCT(SEMANAL!$D7,F$84)/1000+PRODUCT(SEMANAL!$B7,F$85)/1000 -> 12 | G87: =PRODUCT(SEMANAL!$D7,G$84)/1000+PRODUCT(SEMANAL!$B7,G$85)/1000 -> 6.48 | H87: =PRODUCT(SEMANAL!$D7,H$84)/1000+PRODUCT(SEMANAL!$B7,H$85)/1000 -> 7.44 | I87: =PRODUCT(SEMANAL!$D7,I$84)/1000+PRODUCT(SEMANAL!$B7,I$85)/1000 -> 2.76 | ... N87: =PRODUCT(SEMANAL!$D7,N$84)/1000+PRODUCT(SEMANAL!$B7,N$85)/1000 -> 12.36 | O87: =SUM('OC FRUT y VERD AZUL 2'!B83:N83) -> 166 | P87: 2550 | Q87: =O87*P87 -> 423300
A88: NARANJA O MANDARINA | B88: =PRODUCT(SEMANAL!$D8,B$84)/1000+PRODUCT(SEMANAL!$B8,B$85)/1000 -> 33.32 | C88: =PRODUCT(SEMANAL!$D8,C$84)/1000+PRODUCT(SEMANAL!$B8,C$85)/1000 -> 179.9 | D88: =PRODUCT(SEMANAL!$D8,D$84)/1000+PRODUCT(SEMANAL!$B8,D$85)/1000 -> 212.5 | E88: =PRODUCT(SEMANAL!$D8,E$84)/1000+PRODUCT(SEMANAL!$B8,E$85)/1000 -> 30.25 | F88: =PRODUCT(SEMANAL!$D8,F$84)/1000+PRODUCT(SEMANAL!$B8,F$85)/1000 -> 49 | G88: =PRODUCT(SEMANAL!$D8,G$84)/1000+PRODUCT(SEMANAL!$B8,G$85)/1000 -> 39.96 | H88: =PRODUCT(SEMANAL!$D8,H$84)/1000+PRODUCT(SEMANAL!$B8,H$85)/1000 -> 45.88 | I88: =PRODUCT(SEMANAL!$D8,I$84)/1000+PRODUCT(SEMANAL!$B8,I$85)/1000 -> 17.02 | ... N88: =PRODUCT(SEMANAL!$D8,N$84)/1000+PRODUCT(SEMANAL!$B8,N$85)/1000 -> 50.47 | O88: =SUM('OC FRUT y VERD AZUL 2'!B84:N84) -> 288 | P88: 1710 | Q88: =O88*P88 -> 492480
A89: PERA | B89: =PRODUCT(SEMANAL!$D9,B$84)/1000+PRODUCT(SEMANAL!$B9,B$85)/1000 -> 0 | C89: =PRODUCT(SEMANAL!$D9,C$84)/1000+PRODUCT(SEMANAL!$B9,C$85)/1000 -> 0 | D89: =PRODUCT(SEMANAL!$D9,D$84)/1000+PRODUCT(SEMANAL!$B9,D$85)/1000 -> 0 | E89: =PRODUCT(SEMANAL!$D9,E$84)/1000+PRODUCT(SEMANAL!$B9,E$85)/1000 -> 0 | F89: =PRODUCT(SEMANAL!$D9,F$84)/1000+PRODUCT(SEMANAL!$B9,F$85)/1000 -> 0 | G89: =PRODUCT(SEMANAL!$D9,G$84)/1000+PRODUCT(SEMANAL!$B9,G$85)/1000 -> 0 | H89: =PRODUCT(SEMANAL!$D9,H$84)/1000+PRODUCT(SEMANAL!$B9,H$85)/1000 -> 0 | I89: =PRODUCT(SEMANAL!$D9,I$84)/1000+PRODUCT(SEMANAL!$B9,I$85)/1000 -> 0 | ... N89: =PRODUCT(SEMANAL!$D9,N$84)/1000+PRODUCT(SEMANAL!$B9,N$85)/1000 -> 0 | O89: =SUM('OC FRUT y VERD AZUL 2'!B85:N85) -> 0 | P89: 2200 | Q89: =O89*P89 -> 0
A90: Zapallo ANCO | B90: =PRODUCT(SEMANAL!$D10,B$84)/1000+PRODUCT(SEMANAL!$B10,B$85)/1000 -> 9.52 | C90: =PRODUCT(SEMANAL!$D10,C$84)/1000+PRODUCT(SEMANAL!$B10,C$85)/1000 -> 22.4 | D90: =PRODUCT(SEMANAL!$D10,D$84)/1000+PRODUCT(SEMANAL!$B10,D$85)/1000 -> 0 | E90: =PRODUCT(SEMANAL!$D10,E$84)/1000+PRODUCT(SEMANAL!$B10,E$85)/1000 -> 0 | F90: =PRODUCT(SEMANAL!$D10,F$84)/1000+PRODUCT(SEMANAL!$B10,F$85)/1000 -> 14 | G90: =PRODUCT(SEMANAL!$D10,G$84)/1000+PRODUCT(SEMANAL!$B10,G$85)/1000 -> 7.56 | H90: =PRODUCT(SEMANAL!$D10,H$84)/1000+PRODUCT(SEMANAL!$B10,H$85)/1000 -> 8.68 | I90: =PRODUCT(SEMANAL!$D10,I$84)/1000+PRODUCT(SEMANAL!$B10,I$85)/1000 -> 3.22 | ... N90: =PRODUCT(SEMANAL!$D10,N$84)/1000+PRODUCT(SEMANAL!$B10,N$85)/1000 -> 14.42 | O90: =SUM('OC FRUT y VERD AZUL 2'!B86:N86) -> 95 | P90: 1350 | Q90: =O90*P90 -> 128250
A91: Zapallo verde | B91: =PRODUCT(SEMANAL!$D11,B$84)/1000+PRODUCT(SEMANAL!$B11,B$85)/1000 -> 3.4 | C91: =PRODUCT(SEMANAL!$D11,C$84)/1000+PRODUCT(SEMANAL!$B11,C$85)/1000 -> 8 | D91: =PRODUCT(SEMANAL!$D11,D$84)/1000+PRODUCT(SEMANAL!$B11,D$85)/1000 -> 0 | E91: =PRODUCT(SEMANAL!$D11,E$84)/1000+PRODUCT(SEMANAL!$B11,E$85)/1000 -> 0 | F91: =PRODUCT(SEMANAL!$D11,F$84)/1000+PRODUCT(SEMANAL!$B11,F$85)/1000 -> 5 | G91: =PRODUCT(SEMANAL!$D11,G$84)/1000+PRODUCT(SEMANAL!$B11,G$85)/1000 -> 2.7 | H91: =PRODUCT(SEMANAL!$D11,H$84)/1000+PRODUCT(SEMANAL!$B11,H$85)/1000 -> 3.1 | I91: =PRODUCT(SEMANAL!$D11,I$84)/1000+PRODUCT(SEMANAL!$B11,I$85)/1000 -> 1.15 | ... N91: =PRODUCT(SEMANAL!$D11,N$84)/1000+PRODUCT(SEMANAL!$B11,N$85)/1000 -> 5.15 | O91: =SUM('OC FRUT y VERD AZUL 2'!B87:N87) -> 25 | P91: 1950 | Q91: =O91*P91 -> 48750
A92: Papa | B92: =PRODUCT(SEMANAL!$D12,B$84)/1000+PRODUCT(SEMANAL!B$12,B$85)/1000 -> 13.6 | C92: =PRODUCT(SEMANAL!$D12,C$84)/1000+PRODUCT(SEMANAL!B$12,C$85)/1000 -> 32 | D92: =PRODUCT(SEMANAL!$D12,D$84)/1000+PRODUCT(SEMANAL!B$12,D$85)/1000 -> 0 | E92: =PRODUCT(SEMANAL!$D12,E$84)/1000+PRODUCT(SEMANAL!B$12,E$85)/1000 -> 0 | F92: =PRODUCT(SEMANAL!$D12,F$84)/1000+PRODUCT(SEMANAL!B$12,F$85)/1000 -> 20 | G92: =PRODUCT(SEMANAL!$D12,G$84)/1000+PRODUCT(SEMANAL!B$12,G$85)/1000 -> 10.8 | H92: =PRODUCT(SEMANAL!$D12,H$84)/1000+PRODUCT(SEMANAL!B$12,H$85)/1000 -> 12.4 | I92: =PRODUCT(SEMANAL!$D12,I$84)/1000+PRODUCT(SEMANAL!B$12,I$85)/1000 -> 4.6 | J92: =PRODUCT(SEMANAL!$D12,J$84)/1000+PRODUCT(SEMANAL!B$12,J$85)/1000 -> 5 | K92: =PRODUCT(SEMANAL!$D12,K$84)/1000+PRODUCT(SEMANAL!B$12,K$85)/1000 -> 10.4 | L92: =PRODUCT(SEMANAL!$D12,L$84)/1000+PRODUCT(SEMANAL!B$12,L$85)/1000 -> 6 | M92: =PRODUCT(SEMANAL!$D12,M$84)/1000+PRODUCT(SEMANAL!B$12,M$85)/1000 -> 3.8 | N92: =PRODUCT(SEMANAL!$D12,N$84)/1000+PRODUCT(SEMANAL!B$12,N$85)/1000 -> 20.6 | O92: =SUM('OC FRUT y VERD AZUL 2'!B88:N88) -> 131 | P92: 1090 | Q92: =O92*P92 -> 142790
A93: Cebolla | B93: =PRODUCT(SEMANAL!$D13,B$84)/1000+PRODUCT(SEMANAL!$B13,B$85)/1000 -> 5.1 | C93: =PRODUCT(SEMANAL!$D13,C$84)/1000+PRODUCT(SEMANAL!$B13,C$85)/1000 -> 12 | D93: =PRODUCT(SEMANAL!$D13,D$84)/1000+PRODUCT(SEMANAL!$B13,D$85)/1000 -> 0 | E93: =PRODUCT(SEMANAL!$D13,E$84)/1000+PRODUCT(SEMANAL!$B13,E$85)/1000 -> 0 | F93: =PRODUCT(SEMANAL!$D13,F$84)/1000+PRODUCT(SEMANAL!$B13,F$85)/1000 -> 7.5 | G93: =PRODUCT(SEMANAL!$D13,G$84)/1000+PRODUCT(SEMANAL!$B13,G$85)/1000 -> 4.05 | H93: =PRODUCT(SEMANAL!$D13,H$84)/1000+PRODUCT(SEMANAL!$B13,H$85)/1000 -> 4.65 | I93: =PRODUCT(SEMANAL!$D13,I$84)/1000+PRODUCT(SEMANAL!$B13,I$85)/1000 -> 1.725 | ... N93: =PRODUCT(SEMANAL!$D13,N$84)/1000+PRODUCT(SEMANAL!$B13,N$85)/1000 -> 7.725 | O93: =SUM('OC FRUT y VERD AZUL 2'!B89:N89) -> 32 | P93: 1090 | Q93: =O93*P93 -> 34880
A94: Zanahoria | B94: =PRODUCT(SEMANAL!$D14,B$84)/1000+PRODUCT(SEMANAL!$B14,B$85)/1000 -> 3.4 | C94: =PRODUCT(SEMANAL!$D14,C$84)/1000+PRODUCT(SEMANAL!$B14,C$85)/1000 -> 8 | D94: =PRODUCT(SEMANAL!$D14,D$84)/1000+PRODUCT(SEMANAL!$B14,D$85)/1000 -> 0 | E94: =PRODUCT(SEMANAL!$D14,E$84)/1000+PRODUCT(SEMANAL!$B14,E$85)/1000 -> 0 | F94: =PRODUCT(SEMANAL!$D14,F$84)/1000+PRODUCT(SEMANAL!$B14,F$85)/1000 -> 5 | G94: =PRODUCT(SEMANAL!$D14,G$84)/1000+PRODUCT(SEMANAL!$B14,G$85)/1000 -> 2.7 | H94: =PRODUCT(SEMANAL!$D14,H$84)/1000+PRODUCT(SEMANAL!$B14,H$85)/1000 -> 3.1 | I94: =PRODUCT(SEMANAL!$D14,I$84)/1000+PRODUCT(SEMANAL!$B14,I$85)/1000 -> 1.15 | ... N94: =PRODUCT(SEMANAL!$D14,N$84)/1000+PRODUCT(SEMANAL!$B14,N$85)/1000 -> 5.15 | O94: =SUM('OC FRUT y VERD AZUL 2'!B90:N90) -> 27 | P94: 1590 | Q94: =O94*P94 -> 42930
A95: Tomate | B95: =PRODUCT(SEMANAL!$D15,B$84)/1000+PRODUCT(SEMANAL!$B15,B$85)/1000 -> 2.38 | C95: =PRODUCT(SEMANAL!$D15,C$84)/1000+PRODUCT(SEMANAL!$B15,C$85)/1000 -> 5.6 | D95: =PRODUCT(SEMANAL!$D15,D$84)/1000+PRODUCT(SEMANAL!$B15,D$85)/1000 -> 0 | E95: =PRODUCT(SEMANAL!$D15,E$84)/1000+PRODUCT(SEMANAL!$B15,E$85)/1000 -> 0 | F95: =PRODUCT(SEMANAL!$D15,F$84)/1000+PRODUCT(SEMANAL!$B15,F$85)/1000 -> 3.5 | G95: =PRODUCT(SEMANAL!$D15,G$84)/1000+PRODUCT(SEMANAL!$B15,G$85)/1000 -> 1.89 | H95: =PRODUCT(SEMANAL!$D15,H$84)/1000+PRODUCT(SEMANAL!$B15,H$85)/1000 -> 2.17 | I95: =PRODUCT(SEMANAL!$D15,I$84)/1000+PRODUCT(SEMANAL!$B15,I$85)/1000 -> 0.805 | ... N95: =PRODUCT(SEMANAL!$D15,N$84)/1000+PRODUCT(SEMANAL!$B15,N$85)/1000 -> 3.605 | O95: =SUM('OC FRUT y VERD AZUL 2'!B91:N91) -> 20 | P95: 1890 | Q95: =O95*P95 -> 37800
A96: Ajo | B96: =PRODUCT(SEMANAL!$D16,B$84)/1000+PRODUCT(SEMANAL!$B16,B$85)/1000 -> 0.0136 | C96: =PRODUCT(SEMANAL!$D16,C$84)/1000+PRODUCT(SEMANAL!$B16,C$85)/1000 -> 0.032 | D96: =PRODUCT(SEMANAL!$D16,D$84)/1000+PRODUCT(SEMANAL!$B16,D$85)/1000 -> 0 | E96: =PRODUCT(SEMANAL!$D16,E$84)/1000+PRODUCT(SEMANAL!$B16,E$85)/1000 -> 0 | F96: =PRODUCT(SEMANAL!$D16,F$84)/1000+PRODUCT(SEMANAL!$B16,F$85)/1000 -> 0.02 | G96: =PRODUCT(SEMANAL!$D16,G$84)/1000+PRODUCT(SEMANAL!$B16,G$85)/1000 -> 0.0108 | H96: =PRODUCT(SEMANAL!$D16,H$84)/1000+PRODUCT(SEMANAL!$B16,H$85)/1000 -> 0.0124 | I96: =PRODUCT(SEMANAL!$D16,I$84)/1000+PRODUCT(SEMANAL!$B16,I$85)/1000 -> 0.0046 | ... N96: =PRODUCT(SEMANAL!$D16,N$84)/1000+PRODUCT(SEMANAL!$B16,N$85)/1000 -> 0.0206 | O96: =SUM('OC FRUT y VERD AZUL 2'!B92:N92) -> 8 | P96: 700 | Q96: =O96*P96 -> 5600
A97: Perejil | B97: =PRODUCT(SEMANAL!$D17,B$84)/1000+PRODUCT(SEMANAL!$B17,B$85)/1000 -> 0.0136 | C97: =PRODUCT(SEMANAL!$D17,C$84)/1000+PRODUCT(SEMANAL!$B17,C$85)/1000 -> 0.032 | D97: =PRODUCT(SEMANAL!$D17,D$84)/1000+PRODUCT(SEMANAL!$B17,D$85)/1000 -> 0 | E97: =PRODUCT(SEMANAL!$D17,E$84)/1000+PRODUCT(SEMANAL!$B17,E$85)/1000 -> 0 | F97: =PRODUCT(SEMANAL!$D17,F$84)/1000+PRODUCT(SEMANAL!$B17,F$85)/1000 -> 0.02 | G97: =PRODUCT(SEMANAL!$D17,G$84)/1000+PRODUCT(SEMANAL!$B17,G$85)/1000 -> 0.0108 | H97: =PRODUCT(SEMANAL!$D17,H$84)/1000+PRODUCT(SEMANAL!$B17,H$85)/1000 -> 0.0124 | I97: =PRODUCT(SEMANAL!$D17,I$84)/1000+PRODUCT(SEMANAL!$B17,I$85)/1000 -> 0.0046 | ... N97: =PRODUCT(SEMANAL!$D17,N$84)/1000+PRODUCT(SEMANAL!$B17,N$85)/1000 -> 0.0206 | O97: =SUM('OC FRUT y VERD AZUL 2'!B93:N93) -> 7 | P97: 1990 | Q97: =O97*P97 -> 13930
A98: Huevo de gallina x doc | B98: =PRODUCT(SEMANAL!$D18,B$84)/12+PRODUCT(SEMANAL!$B18,B$85)/12 -> 8.5 | C98: =PRODUCT(SEMANAL!$D18,C$84)/12+PRODUCT(SEMANAL!$B18,C$85)/12 -> 20 | D98: =PRODUCT(SEMANAL!$D18,D$84)/12+PRODUCT(SEMANAL!$B18,D$85)/12 -> 0 | E98: =PRODUCT(SEMANAL!$D18,E$84)/12+PRODUCT(SEMANAL!$B18,E$85)/12 -> 0 | F98: =PRODUCT(SEMANAL!$D18,F$84)/12+PRODUCT(SEMANAL!$B18,F$85)/12 -> 12.5 | G98: =PRODUCT(SEMANAL!$D18,G$84)/12+PRODUCT(SEMANAL!$B18,G$85)/12 -> 6.75 | H98: =PRODUCT(SEMANAL!$D18,H$84)/12+PRODUCT(SEMANAL!$B18,H$85)/12 -> 7.75 | I98: =PRODUCT(SEMANAL!$D18,I$84)/12+PRODUCT(SEMANAL!$B18,I$85)/12 -> 2.875 | ... N98: =PRODUCT(SEMANAL!$D18,N$84)/12+PRODUCT(SEMANAL!$B18,N$85)/12 -> 12.875 | O98: =SUM('OC FRUT y VERD AZUL 2'!B94:N94) -> 88 | P98: 2100 | Q98: =O98*P98 -> 184800
P99: TOTAL | Q99: =Q86+Q87+Q88+Q89+Q90+Q91+Q92+Q93+Q94+Q95+Q96+Q97+Q98 -> 2554530
B105: JI 901 | C105: JI 902 | D105: JI 905 | E105: JI 906 | F105: JI 907 | G105: JI 908 | H105: JI 909 | I105: JI 910 | J105: JI 912 | K105: JI 913 | L105: JI 914 | M105: JI 915 | N105: JI 916 | O105: JI 917 | P105: JI 918 | Q105: JI 919
B106: 160 | C106: 80 | D106: 156 | E106: 97 | F106: 2 | G106: 78 | H106: 69 | I106: 61 | J106: 131 | K106: 75 | L106: 66 | M106: 80 | N106: 71 | O106: 69 | P106: 42 | Q106: 70
B107: 0 | C107: 0 | D107: 0 | E107: 0 | F107: 0 | G107: 0 | H107: 0 | I107: 0 | J107: 40 | K107: 0 | L107: 0 | M107: 0 | N107: 0 | O107: 0 | P107: 0 | Q107: 0
A108: MANZANA | B108: =PRODUCT(SEMANAL!$D6,B$106)/1000+PRODUCT(SEMANAL!$B6,B$107)/1000 -> 20 | C108: =PRODUCT(SEMANAL!$D6,C$106)/1000+PRODUCT(SEMANAL!$B6,C$107)/1000 -> 10 | D108: =PRODUCT(SEMANAL!$D6,D$106)/1000+PRODUCT(SEMANAL!$B6,D$107)/1000 -> 19.5 | E108: =PRODUCT(SEMANAL!$D6,E$106)/1000+PRODUCT(SEMANAL!$B6,E$107)/1000 -> 12.125 | F108: =PRODUCT(SEMANAL!$D6,F$106)/1000+PRODUCT(SEMANAL!$B6,F$107)/1000 -> 0.25 | G108: =PRODUCT(SEMANAL!$D6,G$106)/1000+PRODUCT(SEMANAL!$B6,G$107)/1000 -> 9.75 | H108: =PRODUCT(SEMANAL!$D6,H$106)/1000+PRODUCT(SEMANAL!$B6,H$107)/1000 -> 8.625 | I108: =PRODUCT(SEMANAL!$D6,I$106)/1000+PRODUCT(SEMANAL!$B6,I$107)/1000 -> 7.625 | ... Q108: =PRODUCT(SEMANAL!$D6,Q$106)/1000+PRODUCT(SEMANAL!$B6,Q$107)/1000 -> 8.75 | R108: =SUM('OC FRUT y VERD AZUL 2'!B104:Q104) -> 136 | S108: 2390 | T108: =R108*S108 -> 325040
A109: BANANA | B109: =PRODUCT(SEMANAL!$D7,B$106)/1000+PRODUCT(SEMANAL!$B7,B$107)/1000 -> 0 | C109: =PRODUCT(SEMANAL!$D7,C$106)/1000+PRODUCT(SEMANAL!$B7,C$107)/1000 -> 0 | D109: =PRODUCT(SEMANAL!$D7,D$106)/1000+PRODUCT(SEMANAL!$B7,D$107)/1000 -> 0 | E109: =PRODUCT(SEMANAL!$D7,E$106)/1000+PRODUCT(SEMANAL!$B7,E$107)/1000 -> 0 | F109: =PRODUCT(SEMANAL!$D7,F$106)/1000+PRODUCT(SEMANAL!$B7,F$107)/1000 -> 0 | G109: =PRODUCT(SEMANAL!$D7,G$106)/1000+PRODUCT(SEMANAL!$B7,G$107)/1000 -> 0 | H109: =PRODUCT(SEMANAL!$D7,H$106)/1000+PRODUCT(SEMANAL!$B7,H$107)/1000 -> 0 | I109: =PRODUCT(SEMANAL!$D7,I$106)/1000+PRODUCT(SEMANAL!$B7,I$107)/1000 -> 0 | ... Q109: =PRODUCT(SEMANAL!$D7,Q$106)/1000+PRODUCT(SEMANAL!$B7,Q$107)/1000 -> 0 | R109: =SUM('OC FRUT y VERD AZUL 2'!B105:Q105) -> 5 | S109: 2550 | T109: =R109*S109 -> 12750
A110: NARANJA O MANDARINA | B110: =PRODUCT(SEMANAL!$D8,B$106)/1000+PRODUCT(SEMANAL!$B8,B$107)/1000 -> 40 | C110: =PRODUCT(SEMANAL!$D8,C$106)/1000+PRODUCT(SEMANAL!$B8,C$107)/1000 -> 20 | D110: =PRODUCT(SEMANAL!$D8,D$106)/1000+PRODUCT(SEMANAL!$B8,D$107)/1000 -> 39 | E110: =PRODUCT(SEMANAL!$D8,E$106)/1000+PRODUCT(SEMANAL!$B8,E$107)/1000 -> 24.25 | F110: =PRODUCT(SEMANAL!$D8,F$106)/1000+PRODUCT(SEMANAL!$B8,F$107)/1000 -> 0.5 | G110: =PRODUCT(SEMANAL!$D8,G$106)/1000+PRODUCT(SEMANAL!$B8,G$107)/1000 -> 19.5 | H110: =PRODUCT(SEMANAL!$D8,H$106)/1000+PRODUCT(SEMANAL!$B8,H$107)/1000 -> 17.25 | I110: =PRODUCT(SEMANAL!$D8,I$106)/1000+PRODUCT(SEMANAL!$B8,I$107)/1000 -> 15.25 | ... Q110: =PRODUCT(SEMANAL!$D8,Q$106)/1000+PRODUCT(SEMANAL!$B8,Q$107)/1000 -> 17.5 | R110: =SUM('OC FRUT y VERD AZUL 2'!B106:Q106) -> 265 | S110: 1710 | T110: =R110*S110 -> 453150
A111: PERA | B111: =PRODUCT(SEMANAL!$D9,B$106)/1000+PRODUCT(SEMANAL!$B9,B$107)/1000 -> 0 | C111: =PRODUCT(SEMANAL!$D9,C$106)/1000+PRODUCT(SEMANAL!$B9,C$107)/1000 -> 0 | D111: =PRODUCT(SEMANAL!$D9,D$106)/1000+PRODUCT(SEMANAL!$B9,D$107)/1000 -> 0 | E111: =PRODUCT(SEMANAL!$D9,E$106)/1000+PRODUCT(SEMANAL!$B9,E$107)/1000 -> 0 | F111: =PRODUCT(SEMANAL!$D9,F$106)/1000+PRODUCT(SEMANAL!$B9,F$107)/1000 -> 0 | G111: =PRODUCT(SEMANAL!$D9,G$106)/1000+PRODUCT(SEMANAL!$B9,G$107)/1000 -> 0 | H111: =PRODUCT(SEMANAL!$D9,H$106)/1000+PRODUCT(SEMANAL!$B9,H$107)/1000 -> 0 | I111: =PRODUCT(SEMANAL!$D9,I$106)/1000+PRODUCT(SEMANAL!$B9,I$107)/1000 -> 0 | ... Q111: =PRODUCT(SEMANAL!$D9,Q$106)/1000+PRODUCT(SEMANAL!$B9,Q$107)/1000 -> 0 | R111: =SUM('OC FRUT y VERD AZUL 2'!B107:Q107) -> 0 | S111: 2200 | T111: =R111*S111 -> 0
A112: Zapallo ANCO | B112: =PRODUCT(SEMANAL!$D10,B$106)/1000+PRODUCT(SEMANAL!$B10,B$107)/1000 -> 0 | C112: =PRODUCT(SEMANAL!$D10,C$106)/1000+PRODUCT(SEMANAL!$B10,C$107)/1000 -> 0 | D112: =PRODUCT(SEMANAL!$D10,D$106)/1000+PRODUCT(SEMANAL!$B10,D$107)/1000 -> 0 | E112: =PRODUCT(SEMANAL!$D10,E$106)/1000+PRODUCT(SEMANAL!$B10,E$107)/1000 -> 0 | F112: =PRODUCT(SEMANAL!$D10,F$106)/1000+PRODUCT(SEMANAL!$B10,F$107)/1000 -> 0 | G112: =PRODUCT(SEMANAL!$D10,G$106)/1000+PRODUCT(SEMANAL!$B10,G$107)/1000 -> 0 | H112: =PRODUCT(SEMANAL!$D10,H$106)/1000+PRODUCT(SEMANAL!$B10,H$107)/1000 -> 0 | I112: =PRODUCT(SEMANAL!$D10,I$106)/1000+PRODUCT(SEMANAL!$B10,I$107)/1000 -> 0 | ... Q112: =PRODUCT(SEMANAL!$D10,Q$106)/1000+PRODUCT(SEMANAL!$B10,Q$107)/1000 -> 0 | R112: =SUM('OC FRUT y VERD AZUL 2'!B108:Q108) -> 0 | S112: 1350 | T112: =R112*S112 -> 0
A113: Zapallo verde | B113: =PRODUCT(SEMANAL!$D11,B$106)/1000+PRODUCT(SEMANAL!$B11,B$107)/1000 -> 0 | C113: =PRODUCT(SEMANAL!$D11,C$106)/1000+PRODUCT(SEMANAL!$B11,C$107)/1000 -> 0 | D113: =PRODUCT(SEMANAL!$D11,D$106)/1000+PRODUCT(SEMANAL!$B11,D$107)/1000 -> 0 | E113: =PRODUCT(SEMANAL!$D11,E$106)/1000+PRODUCT(SEMANAL!$B11,E$107)/1000 -> 0 | F113: =PRODUCT(SEMANAL!$D11,F$106)/1000+PRODUCT(SEMANAL!$B11,F$107)/1000 -> 0 | G113: =PRODUCT(SEMANAL!$D11,G$106)/1000+PRODUCT(SEMANAL!$B11,G$107)/1000 -> 0 | H113: =PRODUCT(SEMANAL!$D11,H$106)/1000+PRODUCT(SEMANAL!$B11,H$107)/1000 -> 0 | I113: =PRODUCT(SEMANAL!$D11,I$106)/1000+PRODUCT(SEMANAL!$B11,I$107)/1000 -> 0 | ... Q113: =PRODUCT(SEMANAL!$D11,Q$106)/1000+PRODUCT(SEMANAL!$B11,Q$107)/1000 -> 0 | R113: =SUM('OC FRUT y VERD AZUL 2'!B109:Q109) -> 0 | S113: 1950 | T113: =R113*S113 -> 0
A114: Papa | B114: =PRODUCT(SEMANAL!$D12,B$106)/1000+PRODUCT(SEMANAL!$B12,B$107)/1000 -> 0 | C114: =PRODUCT(SEMANAL!$D12,C$106)/1000+PRODUCT(SEMANAL!$B12,C$107)/1000 -> 0 | D114: =PRODUCT(SEMANAL!$D12,D$106)/1000+PRODUCT(SEMANAL!$B12,D$107)/1000 -> 0 | E114: =PRODUCT(SEMANAL!$D12,E$106)/1000+PRODUCT(SEMANAL!$B12,E$107)/1000 -> 0 | F114: =PRODUCT(SEMANAL!$D12,F$106)/1000+PRODUCT(SEMANAL!$B12,F$107)/1000 -> 0 | G114: =PRODUCT(SEMANAL!$D12,G$106)/1000+PRODUCT(SEMANAL!$B12,G$107)/1000 -> 0 | H114: =PRODUCT(SEMANAL!$D12,H$106)/1000+PRODUCT(SEMANAL!$B12,H$107)/1000 -> 0 | I114: =PRODUCT(SEMANAL!$D12,I$106)/1000+PRODUCT(SEMANAL!$B12,I$107)/1000 -> 0 | ... Q114: =PRODUCT(SEMANAL!$D12,Q$106)/1000+PRODUCT(SEMANAL!$B12,Q$107)/1000 -> 0 | R114: =SUM('OC FRUT y VERD AZUL 2'!B110:Q110) -> 8 | S114: 1090 | T114: =R114*S114 -> 8720
A115: Cebolla | B115: =PRODUCT(SEMANAL!$D13,B$106)/1000+PRODUCT(SEMANAL!$B13,B$107)/1000 -> 0 | C115: =PRODUCT(SEMANAL!$D13,C$106)/1000+PRODUCT(SEMANAL!$B13,C$107)/1000 -> 0 | D115: =PRODUCT(SEMANAL!$D13,D$106)/1000+PRODUCT(SEMANAL!$B13,D$107)/1000 -> 0 | E115: =PRODUCT(SEMANAL!$D13,E$106)/1000+PRODUCT(SEMANAL!$B13,E$107)/1000 -> 0 | F115: =PRODUCT(SEMANAL!$D13,F$106)/1000+PRODUCT(SEMANAL!$B13,F$107)/1000 -> 0 | G115: =PRODUCT(SEMANAL!$D13,G$106)/1000+PRODUCT(SEMANAL!$B13,G$107)/1000 -> 0 | H115: =PRODUCT(SEMANAL!$D13,H$106)/1000+PRODUCT(SEMANAL!$B13,H$107)/1000 -> 0 | I115: =PRODUCT(SEMANAL!$D13,I$106)/1000+PRODUCT(SEMANAL!$B13,I$107)/1000 -> 0 | ... Q115: =PRODUCT(SEMANAL!$D13,Q$106)/1000+PRODUCT(SEMANAL!$B13,Q$107)/1000 -> 0 | R115: =SUM('OC FRUT y VERD AZUL 2'!B111:Q111) -> 3 | S115: 1090 | T115: =R115*S115 -> 3270
A116: Zanahoria | B116: =PRODUCT(SEMANAL!$D14,B$106)/1000+PRODUCT(SEMANAL!$B14,B$107)/1000 -> 0 | C116: =PRODUCT(SEMANAL!$D14,C$106)/1000+PRODUCT(SEMANAL!$B14,C$107)/1000 -> 0 | D116: =PRODUCT(SEMANAL!$D14,D$106)/1000+PRODUCT(SEMANAL!$B14,D$107)/1000 -> 0 | E116: =PRODUCT(SEMANAL!$D14,E$106)/1000+PRODUCT(SEMANAL!$B14,E$107)/1000 -> 0 | F116: =PRODUCT(SEMANAL!$D14,F$106)/1000+PRODUCT(SEMANAL!$B14,F$107)/1000 -> 0 | G116: =PRODUCT(SEMANAL!$D14,G$106)/1000+PRODUCT(SEMANAL!$B14,G$107)/1000 -> 0 | H116: =PRODUCT(SEMANAL!$D14,H$106)/1000+PRODUCT(SEMANAL!$B14,H$107)/1000 -> 0 | I116: =PRODUCT(SEMANAL!$D14,I$106)/1000+PRODUCT(SEMANAL!$B14,I$107)/1000 -> 0 | ... Q116: =PRODUCT(SEMANAL!$D14,Q$106)/1000+PRODUCT(SEMANAL!$B14,Q$107)/1000 -> 0 | R116: =SUM('OC FRUT y VERD AZUL 2'!B112:Q112) -> 0 | S116: 1590 | T116: =R116*S116 -> 0
A117: Tomate | B117: =PRODUCT(SEMANAL!$D15,B$106)/1000+PRODUCT(SEMANAL!$B15,B$107)/1000 -> 0 | C117: =PRODUCT(SEMANAL!$D15,C$106)/1000+PRODUCT(SEMANAL!$B15,C$107)/1000 -> 0 | D117: =PRODUCT(SEMANAL!$D15,D$106)/1000+PRODUCT(SEMANAL!$B15,D$107)/1000 -> 0 | E117: =PRODUCT(SEMANAL!$D15,E$106)/1000+PRODUCT(SEMANAL!$B15,E$107)/1000 -> 0 | F117: =PRODUCT(SEMANAL!$D15,F$106)/1000+PRODUCT(SEMANAL!$B15,F$107)/1000 -> 0 | G117: =PRODUCT(SEMANAL!$D15,G$106)/1000+PRODUCT(SEMANAL!$B15,G$107)/1000 -> 0 | H117: =PRODUCT(SEMANAL!$D15,H$106)/1000+PRODUCT(SEMANAL!$B15,H$107)/1000 -> 0 | I117: =PRODUCT(SEMANAL!$D15,I$106)/1000+PRODUCT(SEMANAL!$B15,I$107)/1000 -> 0 | ... Q117: =PRODUCT(SEMANAL!$D15,Q$106)/1000+PRODUCT(SEMANAL!$B15,Q$107)/1000 -> 0 | R117: =SUM('OC FRUT y VERD AZUL 2'!B113:Q113) -> 2 | S117: 1890 | T117: =R117*S117 -> 3780
A118: Ajo | B118: =PRODUCT(SEMANAL!$D16,B$106)/1000+PRODUCT(SEMANAL!$B16,B$107)/1000 -> 0 | C118: =PRODUCT(SEMANAL!$D16,C$106)/1000+PRODUCT(SEMANAL!$B16,C$107)/1000 -> 0 | D118: =PRODUCT(SEMANAL!$D16,D$106)/1000+PRODUCT(SEMANAL!$B16,D$107)/1000 -> 0 | E118: =PRODUCT(SEMANAL!$D16,E$106)/1000+PRODUCT(SEMANAL!$B16,E$107)/1000 -> 0 | F118: =PRODUCT(SEMANAL!$D16,F$106)/1000+PRODUCT(SEMANAL!$B16,F$107)/1000 -> 0 | G118: =PRODUCT(SEMANAL!$D16,G$106)/1000+PRODUCT(SEMANAL!$B16,G$107)/1000 -> 0 | H118: =PRODUCT(SEMANAL!$D16,H$106)/1000+PRODUCT(SEMANAL!$B16,H$107)/1000 -> 0 | I118: =PRODUCT(SEMANAL!$D16,I$106)/1000+PRODUCT(SEMANAL!$B16,I$107)/1000 -> 0 | ... Q118: =PRODUCT(SEMANAL!$D16,Q$106)/1000+PRODUCT(SEMANAL!$B16,Q$107)/1000 -> 0 | R118: =SUM('OC FRUT y VERD AZUL 2'!B114:Q114) -> 1 | S118: 700 | T118: =R118*S118 -> 700
A119: Perejil | B119: =PRODUCT(SEMANAL!$D17,B$106)/1000+PRODUCT(SEMANAL!$B17,B$107)/1000 -> 0 | C119: =PRODUCT(SEMANAL!$D17,C$106)/1000+PRODUCT(SEMANAL!$B17,C$107)/1000 -> 0 | D119: =PRODUCT(SEMANAL!$D17,D$106)/1000+PRODUCT(SEMANAL!$B17,D$107)/1000 -> 0 | E119: =PRODUCT(SEMANAL!$D17,E$106)/1000+PRODUCT(SEMANAL!$B17,E$107)/1000 -> 0 | F119: =PRODUCT(SEMANAL!$D17,F$106)/1000+PRODUCT(SEMANAL!$B17,F$107)/1000 -> 0 | G119: =PRODUCT(SEMANAL!$D17,G$106)/1000+PRODUCT(SEMANAL!$B17,G$107)/1000 -> 0 | H119: =PRODUCT(SEMANAL!$D17,H$106)/1000+PRODUCT(SEMANAL!$B17,H$107)/1000 -> 0 | I119: =PRODUCT(SEMANAL!$D17,I$106)/1000+PRODUCT(SEMANAL!$B17,I$107)/1000 -> 0 | ... Q119: =PRODUCT(SEMANAL!$D17,Q$106)/1000+PRODUCT(SEMANAL!$B17,Q$107)/1000 -> 0 | R119: =SUM('OC FRUT y VERD AZUL 2'!B115:Q115) -> 1 | S119: 1990 | T119: =R119*S119 -> 1990
A120: Huevo de gallina x doc | B120: =PRODUCT(SEMANAL!$D18,B$106)/12+PRODUCT(SEMANAL!$B18,B$107)/12 -> 0 | C120: =PRODUCT(SEMANAL!$D18,C$106)/12+PRODUCT(SEMANAL!$B18,C$107)/12 -> 0 | D120: =PRODUCT(SEMANAL!$D18,D$106)/12+PRODUCT(SEMANAL!$B18,D$107)/12 -> 0 | E120: =PRODUCT(SEMANAL!$D18,E$106)/12+PRODUCT(SEMANAL!$B18,E$107)/12 -> 0 | F120: =PRODUCT(SEMANAL!$D18,F$106)/12+PRODUCT(SEMANAL!$B18,F$107)/12 -> 0 | G120: =PRODUCT(SEMANAL!$D18,G$106)/12+PRODUCT(SEMANAL!$B18,G$107)/12 -> 0 | H120: =PRODUCT(SEMANAL!$D18,H$106)/12+PRODUCT(SEMANAL!$B18,H$107)/12 -> 0 | I120: =PRODUCT(SEMANAL!$D18,I$106)/12+PRODUCT(SEMANAL!$B18,I$107)/12 -> 0 | ... Q120: =PRODUCT(SEMANAL!$D18,Q$106)/12+PRODUCT(SEMANAL!$B18,Q$107)/12 -> 0 | R120: =SUM('OC FRUT y VERD AZUL 2'!B116:Q116) -> 5 | S120: 2100 | T120: =R120*S120 -> 10500
S121: TOTAL | T121: =T108+T109+T110+T111+T112+T113+T114+T115+T116+T117+T118+T119+T120 -> 819900
S122: TOTAL FRUT Y VERD | T122: =Q31+Q53+Q76+Q99+T121 -> 7337390
A129: LACTEOS Y SECOS -
A130: AZUL- PROVEEDOR TUX SA- LACTEOS Y SECOS- PEDIDO SEMANAL-
B132: EP 1 | C132: EP 7 | D132: EP 9 | E132: EP 13 | F132: EP 14 | G132: EP 16 | H132: EP 17 | I132: EP 18 | J132: EP 19 | K132: EP 21 | L132: EP 22 | M132: EP24 JIR7 | N132: EP25 JIR 4
B133: 94 | C133: 101 | D133: 6 | E133: 164 | F133: 90 | G133: 28 | H133: 27 | I133: 71 | J133: 148 | K133: 86 | L133: 92 | M133: 13 | N133: 22
B134: 47 | C134: 0 | D134: 3 | E134: 82 | F134: 0 | G134: 14 | H134: 0 | I134: 0 | J134: 87 | K134: 43 | L134: 56 | M134: 0 | N134: 10
A135: Leche fluida x litro | B135: =PRODUCT(SEMANAL!$D24,B$133)/1000+PRODUCT(SEMANAL!$B24,B$134)/1000 -> 62.275 | C135: =PRODUCT(SEMANAL!$D24,C$133)/1000+PRODUCT(SEMANAL!$B24,C$134)/1000 -> 60.6 | D135: =PRODUCT(SEMANAL!$D24,D$133)/1000+PRODUCT(SEMANAL!$B24,D$134)/1000 -> 3.975 | E135: =PRODUCT(SEMANAL!$D24,E$133)/1000+PRODUCT(SEMANAL!$B24,E$134)/1000 -> 108.65 | F135: =PRODUCT(SEMANAL!$D24,F$133)/1000+PRODUCT(SEMANAL!$B24,F$134)/1000 -> 54 | G135: =PRODUCT(SEMANAL!$D24,G$133)/1000+PRODUCT(SEMANAL!$B24,G$134)/1000 -> 18.55 | H135: =PRODUCT(SEMANAL!$D24,H$133)/1000+PRODUCT(SEMANAL!$B24,H$134)/1000 -> 16.2 | I135: =PRODUCT(SEMANAL!$D24,I$133)/1000+PRODUCT(SEMANAL!$B24,I$134)/1000 -> 42.6 | ... N135: =PRODUCT(SEMANAL!$D24,N$133)/1000+PRODUCT(SEMANAL!$B24,N$134)/1000 -> 14.45 | O135: =SUM('OC SECOS y LAC AZUL 2'!B16:N16) -> 360 | P135: 1651 | Q135: =O135*P135 -> 594360
A136: Azucar kg | B136: =PRODUCT(SEMANAL!D$25,B$133)/1000+PRODUCT(SEMANAL!B$25,B$134)/1000 -> 1.739 | C136: =PRODUCT(SEMANAL!E$25,C$133)/1000+PRODUCT(SEMANAL!C$25,C$134)/1000 -> 1.515 | D136: =PRODUCT(SEMANAL!F$25,D$133)/1000+PRODUCT(SEMANAL!D$25,D$134)/1000 -> 0.177 | E136: =PRODUCT(SEMANAL!G$25,E$133)/1000+PRODUCT(SEMANAL!E$25,E$134)/1000 -> 3.69 | F136: =PRODUCT(SEMANAL!H$25,F$133)/1000+PRODUCT(SEMANAL!F$25,F$134)/1000 -> 0.09 | G136: =PRODUCT(SEMANAL!I$25,G$133)/1000+PRODUCT(SEMANAL!G$25,G$134)/1000 -> 0.238 | H136: =PRODUCT(SEMANAL!J$25,H$133)/1000+PRODUCT(SEMANAL!H$25,H$134)/1000 -> 0.027 | I136: =PRODUCT(SEMANAL!K$25,I$133)/1000+PRODUCT(SEMANAL!I$25,I$134)/1000 -> 0.071 | ... N136: =PRODUCT(SEMANAL!P$25,N$133)/1000+PRODUCT(SEMANAL!N$25,N$134)/1000 -> 0.032 | O136: =SUM('OC SECOS y LAC AZUL 2'!B17:N17) -> 17 | P136: 1274 | Q136: =O136*P136 -> 21658
...

Sheet OC FRUT y VERD AZUL 2
A6: AZUL PERIODO REGULAR 2026
A7: ORDEN DE COMPRA | F7: 14
A8: FECHA: | F8: 8 al 12 de junio
A10: FRUTAS Y VERDURAS:
A11: PROVEEDOR: FERNANDEZ ( LA PUNTUAL)
B12: EP 1 | C12: EP 7 | D12: EP 9 | E12: EP 13 | F12: EP 14 | G12: EP 16 | H12: EP 17 | I12: EP 18 | J12: EP 19 | K12: EP 21 | L12: EP 22 | M12: EP24 JIR7 | N12: EP25 JIR 4
B13: 94 | C13: 101 | D13: 6 | E13: 164 | F13: 90 | G13: 28 | H13: 27 | I13: 71 | J13: 148 | K13: 86 | L13: 92 | M13: 13 | N13: 22
B14: 47 | C14: 0 | D14: 3 | E14: 82 | F14: 0 | G14: 14 | H14: 0 | I14: 0 | J14: 87 | K14: 43 | L14: 56 | M14: 0 | N14: 10
A15: MANZANA | B15: 0 | C15: =ROUNDUP(' AZUL 2'!C15,0) -> 13 | D15: =ROUNDUP(' AZUL 2'!D15,0) -> 2 | E15: =ROUNDUP(' AZUL 2'!E15,0) -> 31 | F15: =ROUNDUP(' AZUL 2'!F15,0) -> 12 | G15: =ROUNDUP(' AZUL 2'!G15,0) -> 6 | H15: =ROUNDUP(' AZUL 2'!H15,0) -> 4 | I15: =ROUNDUP(' AZUL 2'!I15,0) -> 9 | J15: =ROUNDUP(' AZUL 2'!J15,0) -> 29 | ... N15: =ROUNDUP(' AZUL 2'!N15,0) -> 4
A16: BANANA | B16: =ROUNDUP(' AZUL 2'!B16,0) -> 6 | C16: =ROUNDUP(' AZUL 2'!C16,0) -> 0 | D16: =ROUNDUP(' AZUL 2'!D16,0) -> 1 | E16: =ROUNDUP(' AZUL 2'!E16,0) -> 10 | F16: =ROUNDUP(' AZUL 2'!F16,0) -> 0 | G16: =ROUNDUP(' AZUL 2'!G16,0) -> 2 | H16: =ROUNDUP(' AZUL 2'!H16,0) -> 0 | I16: =ROUNDUP(' AZUL 2'!I16,0) -> 0 | ... N16: =ROUNDUP(' AZUL 2'!N16,0) -> 2
A17: NARANJA O MANDARINA | B17: =ROUNDUP(' AZUL 2'!B17,0) -> 35 | C17: =ROUNDUP(' AZUL 2'!C17,0) -> 26 | D17: =ROUNDUP(' AZUL 2'!D17,0) -> 3 | E17: =ROUNDUP(' AZUL 2'!E17,0) -> 62 | F17: =ROUNDUP(' AZUL 2'!F17,0) -> 23 | G17: =ROUNDUP(' AZUL 2'!G17,0) -> 11 | H17: =ROUNDUP(' AZUL 2'!H17,0) -> 7 | I17: =ROUNDUP(' AZUL 2'!I17,0) -> 18 | ... N17: =ROUNDUP(' AZUL 2'!N17,0) -> 6
A18: PERA | B18: =ROUNDUP(' AZUL 2'!B18,0) -> 0 | C18: =ROUNDUP(' AZUL 2'!C18,0) -> 0 | D18: =ROUNDUP(' AZUL 2'!D18,0) -> 0 | E18: =ROUNDUP(' AZUL 2'!E18,0) -> 0 | F18: =ROUNDUP(' AZUL 2'!F18,0) -> 0 | G18: =ROUNDUP(' AZUL 2'!G18,0) -> 0 | H18: =ROUNDUP(' AZUL 2'!H18,0) -> 0 | I18: =ROUNDUP(' AZUL 2'!I18,0) -> 0 | J18: 0 | K18: =ROUNDUP(' AZUL 2'!K18,0) -> 1 | L18: =ROUNDUP(' AZUL 2'!L18,0) -> 1 | M18: =ROUNDUP(' AZUL 2'!M18,0) -> 0 | N18: 0
A19: Zapallo ANCO | B19: =ROUNDUP(' AZUL 2'!B19,0) -> 7 | C19: =ROUNDUP(' AZUL 2'!C19,0) -> 0 | D19: 0 | E19: =ROUNDUP(' AZUL 2'!E19,0) -> 12 | F19: =ROUNDUP(' AZUL 2'!F19,0) -> 0 | G19: =ROUNDUP(' AZUL 2'!G19,0) -> 2 | H19: =ROUNDUP(' AZUL 2'!H19,0) -> 0 | I19: =ROUNDUP(' AZUL 2'!I19,0) -> 0 | J19: =ROUNDUP(' AZUL 2'!J19,0) -> 13 | K19: =ROUNDUP(' AZUL 2'!K19,0) -> 7 | L19: =ROUNDUP(' AZUL 2'!L19,0) -> 8 | M19: =ROUNDUP(' AZUL 2'!M19,0) -> 0 | N19: 0
A20: Zapallo verde | B20: =ROUNDUP(' AZUL 2'!B20,0) -> 3 | C20: =ROUNDUP(' AZUL 2'!C20,0) -> 0 | D20: =ROUNDUP(' AZUL 2'!D20,0) -> 1 | E20: =ROUNDUP(' AZUL 2'!E20,0) -> 5 | F20: =ROUNDUP(' AZUL 2'!F20,0) -> 0 | G20: =ROUNDUP(' AZUL 2'!G20,0) -> 1 | H20: =ROUNDUP(' AZUL 2'!H20,0) -> 0 | I20: =ROUNDUP(' AZUL 2'!I20,0) -> 0 | ... M20: =ROUNDUP(' AZUL 2'!M20,0) -> 0 | N20: 0
A21: Papa | B21: =ROUNDUP(' AZUL 2'!B21,0) -> 10 | C21: =ROUNDUP(' AZUL 2'!C21,0) -> 0 | D21: =ROUNDUP(' AZUL 2'!D21,0) -> 1 | E21: =ROUNDUP(' AZUL 2'!E21,0) -> 17 | F21: =ROUNDUP(' AZUL 2'!F21,0) -> 0 | G21: =ROUNDUP(' AZUL 2'!G21,0) -> 3 | H21: =ROUNDUP(' AZUL 2'!H21,0) -> 0 | I21: =ROUNDUP(' AZUL 2'!I21,0) -> 0 | ... N21: =ROUNDUP(' AZUL 2'!N21,0) -> 2
A22: Cebolla | B22: =ROUNDUP(' AZUL 2'!B22,0) -> 4 | C22: =ROUNDUP(' AZUL 2'!C22,0) -> 0 | D22: =ROUNDUP(' AZUL 2'!D22,0) -> 1 | E22: =ROUNDUP(' AZUL 2'!E22,0) -> 7 | F22: =ROUNDUP(' AZUL 2'!F22,0) -> 0 | G22: =ROUNDUP(' AZUL 2'!G22,0) -> 2 | H22: =ROUNDUP(' AZUL 2'!H22,0) -> 0 | I22: =ROUNDUP(' AZUL 2'!I22,0) -> 0 | ... N22: =ROUNDUP(' AZUL 2'!N22,0) -> 1
A23: Zanahoria | B23: 0 | C23: =ROUNDUP(' AZUL 2'!C23,0) -> 0 | D23: 0 | E23: =ROUNDUP(' AZUL 2'!E23,0) -> 5 | F23: =ROUNDUP(' AZUL 2'!F23,0) -> 0 | G23: =ROUNDUP(' AZUL 2'!G23,0) -> 1 | H23: =ROUNDUP(' AZUL 2'!H23,0) -> 0 | I23: =ROUNDUP(' AZUL 2'!I23,0) -> 0 | J23: =ROUNDUP(' AZUL 2'!J23,0) -> 5 | K23: =ROUNDUP(' AZUL 2'!K23,0) -> 3 | L23: =ROUNDUP(' AZUL 2'!L23,0) -> 3 | M23: =ROUNDUP(' AZUL 2'!M23,0) -> 0 | N23: 0
A24: Tomate | B24: 0 | C24: =ROUNDUP(' AZUL 2'!C24,0) -> 0 | D24: 0 | E24: =ROUNDUP(' AZUL 2'!E24,0) -> 3 | F24: =ROUNDUP(' AZUL 2'!F24,0) -> 0 | G24: =ROUNDUP(' AZUL 2'!G24,0) -> 1 | H24: =ROUNDUP(' AZUL 2'!H24,0) -> 0 | I24: =ROUNDUP(' AZUL 2'!I24,0) -> 0 | J24: =ROUNDUP(' AZUL 2'!J24,0) -> 4 | K24: =ROUNDUP(' AZUL 2'!K24,0) -> 2 | L24: =ROUNDUP(' AZUL 2'!L24,0) -> 2 | ... N24: =ROUNDUP(' AZUL 2'!N24,0) -> 1
A25: Ajo | B25: =ROUNDUP(' AZUL 2'!B25,0) -> 1 | C25: =ROUNDUP(' AZUL 2'!C25,0) -> 0 | D25: 0 | E25: =ROUNDUP(' AZUL 2'!E25,0) -> 1 | F25: =ROUNDUP(' AZUL 2'!F25,0) -> 0 | G25: =ROUNDUP(' AZUL 2'!G25,0) -> 1 | H25: =ROUNDUP(' AZUL 2'!H25,0) -> 0 | I25: =ROUNDUP(' AZUL 2'!I25,0) -> 0 | J25: =ROUNDUP(' AZUL 2'!J25,0) -> 1 | K25: =ROUNDUP(' AZUL 2'!K25,0) -> 1 | L25: =ROUNDUP(' AZUL 2'!L25,0) -> 1 | M25: =ROUNDUP(' AZUL 2'!M25,0) -> 0 | N25: 0
A26: Perejil | B26: =ROUNDUP(' AZUL 2'!B26,0) -> 1 | C26: =ROUNDUP(' AZUL 2'!C26,0) -> 0 | D26: 0 | E26: =ROUNDUP(' AZUL 2'!E26,0) -> 1 | F26: =ROUNDUP(' AZUL 2'!F26,0) -> 0 | G26: =ROUNDUP(' AZUL 2'!G26,0) -> 1 | H26: =ROUNDUP(' AZUL 2'!H26,0) -> 0 | I26: =ROUNDUP(' AZUL 2'!I26,0) -> 0 | J26: =ROUNDUP(' AZUL 2'!J26,0) -> 1 | K26: =ROUNDUP(' AZUL 2'!K26,0) -> 1 | L26: =ROUNDUP(' AZUL 2'!L26,0) -> 1 | M26: =ROUNDUP(' AZUL 2'!M26,0) -> 0 | N26: 0
A27: Huevo de gallina x doc | B27: =ROUNDUP(' AZUL 2'!B$27,0) -> 6 | C27: =ROUNDUP(' AZUL 2'!C$27,0) -> 0 | D27: =ROUNDUP(' AZUL 2'!D$27,0) -> 1 | E27: =ROUNDUP(' AZUL 2'!E$27,0) -> 11 | F27: =ROUNDUP(' AZUL 2'!F$27,0) -> 0 | G27: =ROUNDUP(' AZUL 2'!G$27,0) -> 2 | H27: =ROUNDUP(' AZUL 2'!H$27,0) -> 0 | I27: =ROUNDUP(' AZUL 2'!I$27,0) -> 0 | ... N27: =ROUNDUP(' AZUL 2'!N$27,0) -> 2
B33: EP 26 | C33: EP 27 | D33: EP 33 | E33: EP36 JIR2 | F33: EP 37 | G33: EP38 JIR15 | H33: EP39 JIR10 | I33: EP 41 | J33: EP 43 | K33: EP50 JIR 13 | L33: EP 53 | M33: EP 55 | N33: EP57 JIR 11
B34: 49 | C34: 230 | D34: 19 | E34: 38 | F34: 26 | G34: 5 | H34: 5 | I34: 8 | J34: 8 | K34: 7 | L34: 10 | M34: 17 | N34: 9
B35: 40 | C35: 115 | D35: 0 | E35: 0 | F35: 13 | G35: 1 | H35: 0 | I35: 0 | J35: 0 | K35: 0 | L35: 0 | M35: 0 | N35: 3
A36: MANZANA | B36: 0 | C36: =ROUNDUP(' AZUL 2'!C40,0) -> 43 | D36: 2 | E36: =ROUNDUP(' AZUL 2'!E40,0) -> 5 | F36: =ROUNDUP(' AZUL 2'!F40,0) -> 5 | G36: 0 | H36: 0 | I36: =ROUNDUP(' AZUL 2'!I40,0) -> 1 | J36: =ROUNDUP(' AZUL 2'!J40,0) -> 1 | K36: 0 | L36: =ROUNDUP(' AZUL 2'!L40,0) -> 2 | M36: =ROUNDUP(' AZUL 2'!M40,0) -> 3 | N36: =ROUNDUP(' AZUL 2'!N40,0) -> 2
A37: BANANA | B37: =ROUNDUP(' AZUL 2'!B41,0) -> 5 | C37: =ROUNDUP(' AZUL 2'!C41,0) -> 14 | D37: =ROUNDUP(' AZUL 2'!D41,0) -> 0 | E37: =ROUNDUP(' AZUL 2'!E41,0) -> 0 | F37: =ROUNDUP(' AZUL 2'!F41,0) -> 2 | G37: 0 | H37: 0 | I37: =ROUNDUP(' AZUL 2'!I41,0) -> 0 | J37: =ROUNDUP(' AZUL 2'!J41,0) -> 0 | K37: 0 | L37: =ROUNDUP(' AZUL 2'!L41,0) -> 0 | M37: =ROUNDUP(' AZUL 2'!M41,0) -> 0 | N37: =ROUNDUP(' AZUL 2'!N41,0) -> 1
A38: NARANJA O MANDARINA | B38: =ROUNDUP(' AZUL 2'!B42,0) -> 22 | C38: =ROUNDUP(' AZUL 2'!C42,0) -> 86 | D38: 2 | E38: =ROUNDUP(' AZUL 2'!E42,0) -> 10 | F38: =ROUNDUP(' AZUL 2'!F42,0) -> 10 | G38: 0 | H38: 0 | I38: =ROUNDUP(' AZUL 2'!I42,0) -> 2 | J38: =ROUNDUP(' AZUL 2'!J42,0) -> 2 | K38: 0 | L38: =ROUNDUP(' AZUL 2'!L42,0) -> 3 | M38: =ROUNDUP(' AZUL 2'!M42,0) -> 5 | N38: 0
A39: PERA | B39: =ROUNDUP(' AZUL 2'!B43,0) -> 0 | C39: =ROUNDUP(' AZUL 2'!C43,0) -> 0 | D39: =ROUNDUP(' AZUL 2'!D43,0) -> 0 | E39: =ROUNDUP(' AZUL 2'!E43,0) -> 0 | F39: =ROUNDUP(' AZUL 2'!F43,0) -> 0 | G39: 0 | H39: 0 | I39: =ROUNDUP(' AZUL 2'!I43,0) -> 0 | J39: =ROUNDUP(' AZUL 2'!J43,0) -> 0 | K39: 0 | L39: =ROUNDUP(' AZUL 2'!L43,0) -> 0 | M39: =ROUNDUP(' AZUL 2'!M43,0) -> 0 | N39: =ROUNDUP(' AZUL 2'!N43,0) -> 0
A40: Zapallo ANCO | B40: =ROUNDUP(' AZUL 2'!B44,0) -> 6 | C40: =ROUNDUP(' AZUL 2'!C44,0) -> 17 | D40: =ROUNDUP(' AZUL 2'!D44,0) -> 0 | E40: =ROUNDUP(' AZUL 2'!E44,0) -> 0 | F40: =ROUNDUP(' AZUL 2'!F44,0) -> 2 | G40: 0 | H40: =ROUNDUP(' AZUL 2'!H44,0) -> 0 | I40: =ROUNDUP(' AZUL 2'!I44,0) -> 0 | J40: =ROUNDUP(' AZUL 2'!J44,0) -> 0 | K40: =ROUNDUP(' AZUL 2'!K44,0) -> 0 | L40: =ROUNDUP(' AZUL 2'!L44,0) -> 0 | M40: =ROUNDUP(' AZUL 2'!M44,0) -> 0 | N40: =ROUNDUP(' AZUL 2'!N44,0) -> 1
A41: Zapallo verde | B41: 0 | C41: =ROUNDUP(' AZUL 2'!C45,0) -> 1 | D41: =ROUNDUP(' AZUL 2'!D45,0) -> 0 | E41: =ROUNDUP(' AZUL 2'!E45,0) -> 0 | F41: =ROUNDUP(' AZUL 2'!F45,0) -> 1 | G41: 0 | H41: =ROUNDUP(' AZUL 2'!H45,0) -> 0 | I41: =ROUNDUP(' AZUL 2'!I45,0) -> 0 | J41: =ROUNDUP(' AZUL 2'!J45,0) -> 0 | K41: =ROUNDUP(' AZUL 2'!K45,0) -> 0 | L41: =ROUNDUP(' AZUL 2'!L45,0) -> 0 | M41: =ROUNDUP(' AZUL 2'!M45,0) -> 0 | N41: 0
A42: Papa | B42: =ROUNDUP(' AZUL 2'!B46,0) -> 8 | C42: =ROUNDUP(' AZUL 2'!C46,0) -> 23 | D42: =ROUNDUP(' AZUL 2'!D46,0) -> 0 | E42: =ROUNDUP(' AZUL 2'!E46,0) -> 0 | F42: =ROUNDUP(' AZUL 2'!F46,0) -> 3 | G42: 0 | H42: =ROUNDUP(' AZUL 2'!H46,0) -> 0 | I42: =ROUNDUP(' AZUL 2'!I46,0) -> 0 | J42: =ROUNDUP(' AZUL 2'!J46,0) -> 0 | K42: =ROUNDUP(' AZUL 2'!K46,0) -> 0 | L42: =ROUNDUP(' AZUL 2'!L46,0) -> 0 | M42: =ROUNDUP(' AZUL 2'!M46,0) -> 0 | N42: =ROUNDUP(' AZUL 2'!N46,0) -> 1
A43: Cebolla | B43: 0 | C43: =ROUNDUP(' AZUL 2'!C47,0) -> 9 | D43: =ROUNDUP(' AZUL 2'!D47,0) -> 0 | E43: =ROUNDUP(' AZUL 2'!E47,0) -> 0 | F43: =ROUNDUP(' AZUL 2'!F47,0) -> 1 | G43: 0 | H43: =ROUNDUP(' AZUL 2'!H47,0) -> 0 | I43: =ROUNDUP(' AZUL 2'!I47,0) -> 0 | J43: =ROUNDUP(' AZUL 2'!J47,0) -> 0 | K43: =ROUNDUP(' AZUL 2'!K47,0) -> 0 | L43: =ROUNDUP(' AZUL 2'!L47,0) -> 0 | M43: =ROUNDUP(' AZUL 2'!M47,0) -> 0 | N43: 0
A44: Zanahoria | B44: 0 | C44: =ROUNDUP(' AZUL 2'!C48,0) -> 6 | D44: =ROUNDUP(' AZUL 2'!D48,0) -> 0 | E44: =ROUNDUP(' AZUL 2'!E48,0) -> 0 | F44: =ROUNDUP(' AZUL 2'!F48,0) -> 1 | G44: 0 | H44: =ROUNDUP(' AZUL 2'!H48,0) -> 0 | I44: =ROUNDUP(' AZUL 2'!I48,0) -> 0 | J44: =ROUNDUP(' AZUL 2'!J48,0) -> 0 | K44: =ROUNDUP(' AZUL 2'!K48,0) -> 0 | L44: =ROUNDUP(' AZUL 2'!L48,0) -> 0 | M44: =ROUNDUP(' AZUL 2'!M48,0) -> 0 | N44: 0
A45: Tomate | B45: =ROUNDUP(' AZUL 2'!B49,0) -> 2 | C45: =ROUNDUP(' AZUL 2'!C49,0) -> 5 | D45: =ROUNDUP(' AZUL 2'!D49,0) -> 0 | E45: =ROUNDUP(' AZUL 2'!E49,0) -> 0 | F45: =ROUNDUP(' AZUL 2'!F49,0) -> 1 | G45: 0 | H45: =ROUNDUP(' AZUL 2'!H49,0) -> 0 | I45: =ROUNDUP(' AZUL 2'!I49,0) -> 0 | J45: =ROUNDUP(' AZUL 2'!J49,0) -> 0 | K45: =ROUNDUP(' AZUL 2'!K49,0) -> 0 | L45: =ROUNDUP(' AZUL 2'!L49,0) -> 0 | M45: =ROUNDUP(' AZUL 2'!M49,0) -> 0 | N45: 0
A46: Ajo | B46: =ROUNDUP(' AZUL 2'!B50,0) -> 1 | C46: =ROUNDUP(' AZUL 2'!C50,0) -> 1 | D46: =ROUNDUP(' AZUL 2'!D50,0) -> 0 | E46: =ROUNDUP(' AZUL 2'!E50,0) -> 0 | F46: =ROUNDUP(' AZUL 2'!F50,0) -> 1 | G46: 0 | H46: =ROUNDUP(' AZUL 2'!H50,0) -> 0 | I46: =ROUNDUP(' AZUL 2'!I50,0) -> 0 | J46: =ROUNDUP(' AZUL 2'!J50,0) -> 0 | K46: =ROUNDUP(' AZUL 2'!K50,0) -> 0 | L46: =ROUNDUP(' AZUL 2'!L50,0) -> 0 | M46: =ROUNDUP(' AZUL 2'!M50,0) -> 0 | N46: 0
A47: Perejil | B47: 0 | C47: =ROUNDUP(' AZUL 2'!C51,0) -> 1 | D47: =ROUNDUP(' AZUL 2'!D51,0) -> 0 | E47: =ROUNDUP(' AZUL 2'!E51,0) -> 0 | F47: =ROUNDUP(' AZUL 2'!F51,0) -> 1 | G47: 0 | H47: =ROUNDUP(' AZUL 2'!H51,0) -> 0 | I47: =ROUNDUP(' AZUL 2'!I51,0) -> 0 | J47: =ROUNDUP(' AZUL 2'!J51,0) -> 0 | K47: =ROUNDUP(' AZUL 2'!K51,0) -> 0 | L47: =ROUNDUP(' AZUL 2'!L51,0) -> 0 | M47: =ROUNDUP(' AZUL 2'!M51,0) -> 0 | N47: 0
A48: Huevo de gallina x doc | B48: 0 | C48: =ROUNDUP(' AZUL 2'!C$52,0) -> 15 | D48: =ROUNDUP(' AZUL 2'!D$52,0) -> 0 | E48: =ROUNDUP(' AZUL 2'!E$52,0) -> 0 | F48: =ROUNDUP(' AZUL 2'!F$52,0) -> 2 | G48: 0 | H48: =ROUNDUP(' AZUL 2'!H$52,0) -> 0 | I48: =ROUNDUP(' AZUL 2'!I$52,0) -> 0 | J48: =ROUNDUP(' AZUL 2'!J$52,0) -> 0 | K48: =ROUNDUP(' AZUL 2'!K$52,0) -> 0 | L48: =ROUNDUP(' AZUL 2'!L$52,0) -> 0 | M48: =ROUNDUP(' AZUL 2'!M$52,0) -> 0 | N48: 0
B55: EP 62 | C55: EP 64 | D55: EP 65 | E55: EP 66 | F55: Ins. San | G55: EES 7 | H55: EES 8 | I55: EES 9 | J55: EES 9 | K55: EES 10 | L55: EES 11 | M55: EES 11 | N55: EES 12
F56: PRIM | I56: EP 7 | J56: EP 21 | L56: EP 18 | M56: EP 14 | N56: EP 27
B57: 167 | C57: 148 | D57: 7 | E57: 178 | F57: 108 | G57: 35 | H57: 149 | I57: 99 | J57: 33 | K57: 150 | L57: 123 | M57: 78 | N57: 170
B58: 60 | C58: 100 | D58: 0 | E58: 89 | F58: 0 | G58: 0 | H58: 149 | I58: 0 | J58: 0 | K58: 95 | L58: 0 | M58: 0 | N58: 70
A59: MANZANA | B59: =ROUNDUP(' AZUL 2'!B63,0) -> 29 | C59: =ROUNDUP(' AZUL 2'!C63,0) -> 31 | D59: =ROUNDUP(' AZUL 2'!D63,0) -> 1 | E59: =ROUNDUP(' AZUL 2'!E63,0) -> 33 | F59: =ROUNDUP(' AZUL 2'!F63,0) -> 14 | G59: =ROUNDUP(' AZUL 2'!G63,0) -> 5 | H59: =ROUNDUP(' AZUL 2'!H63,0) -> 37 | I59: =ROUNDUP(' AZUL 2'!I63,0) -> 13 | J59: =ROUNDUP(' AZUL 2'!J63,0) -> 5 | K59: 0 | L59: =ROUNDUP(' AZUL 2'!L63,0) -> 16 | M59: =ROUNDUP(' AZUL 2'!M63,0) -> 10 | N59: =ROUNDUP(' AZUL 2'!N63,0) -> 30
A60: BANANA | B60: =ROUNDUP(' AZUL 2'!B64,0) -> 8 | C60: =ROUNDUP(' AZUL 2'!C64,0) -> 12 | D60: =ROUNDUP(' AZUL 2'!D64,0) -> 0 | E60: =ROUNDUP(' AZUL 2'!E64,0) -> 11 | F60: =ROUNDUP(' AZUL 2'!F64,0) -> 0 | G60: =ROUNDUP(' AZUL 2'!G64,0) -> 0 | H60: =ROUNDUP(' AZUL 2'!H64,0) -> 18 | I60: =ROUNDUP(' AZUL 2'!I64,0) -> 0 | ... N60: =ROUNDUP(' AZUL 2'!N64,0) -> 9
A61: NARANJA O MANDARINA | B61: =ROUNDUP(' AZUL 2'!B65,0) -> 57 | C61: =ROUNDUP(' AZUL 2'!C65,0) -> 61 | D61: =ROUNDUP(' AZUL 2'!D65,0) -> 2 | E61: =ROUNDUP(' AZUL 2'!E65,0) -> 66 | F61: =ROUNDUP(' AZUL 2'!F65,0) -> 27 | G61: =ROUNDUP(' AZUL 2'!G65,0) -> 9 | H61: =ROUNDUP(' AZUL 2'!H65,0) -> 74 | I61: =ROUNDUP(' AZUL 2'!I65,0) -> 25 | ... N61: =ROUNDUP(' AZUL 2'!N65,0) -> 60
A62: PERA | B62: =ROUNDUP(' AZUL 2'!B66,0) -> 0 | C62: =ROUNDUP(' AZUL 2'!C66,0) -> 0 | D62: =ROUNDUP(' AZUL 2'!D66,0) -> 0 | E62: =ROUNDUP(' AZUL 2'!E66,0) -> 0 | F62: =ROUNDUP(' AZUL 2'!F66,0) -> 0 | G62: =ROUNDUP(' AZUL 2'!G66,0) -> 0 | H62: =ROUNDUP(' AZUL 2'!H66,0) -> 0 | I62: =ROUNDUP(' AZUL 2'!I66,0) -> 0 | ... N62: =ROUNDUP(' AZUL 2'!N66,0) -> 0
A63: Zapallo ANCO | B63: 0 | C63: =ROUNDUP(' AZUL 2'!C67,0) -> 14 | D63: =ROUNDUP(' AZUL 2'!D67,0) -> 0 | E63: =ROUNDUP(' AZUL 2'!E67,0) -> 13 | F63: =ROUNDUP(' AZUL 2'!F67,0) -> 0 | G63: =ROUNDUP(' AZUL 2'!G67,0) -> 0 | H63: 0 | I63: =ROUNDUP(' AZUL 2'!I67,0) -> 0 | J63: =ROUNDUP(' AZUL 2'!J67,0) -> 0 | K63: =ROUNDUP(' AZUL 2'!K67,0) -> 14 | L63: =ROUNDUP(' AZUL 2'!L67,0) -> 0 | M63: =ROUNDUP(' AZUL 2'!M67,0) -> 0 | N63: =ROUNDUP(' AZUL 2'!N67,0) -> 10
A64: Zapallo verde | B64: =ROUNDUP(' AZUL 2'!B68,0) -> 3 | C64: 0 | D64: =ROUNDUP(' AZUL 2'!D68,0) -> 0 | E64: =ROUNDUP(' AZUL 2'!E68,0) -> 5 | F64: =ROUNDUP(' AZUL 2'!F68,0) -> 0 | G64: =ROUNDUP(' AZUL 2'!G68,0) -> 0 | H64: 0 | I64: =ROUNDUP(' AZUL 2'!I68,0) -> 0 | J64: =ROUNDUP(' AZUL 2'!J68,0) -> 0 | K64: =ROUNDUP(' AZUL 2'!K68,0) -> 5 | L64: =ROUNDUP(' AZUL 2'!L68,0) -> 0 | M64: =ROUNDUP(' AZUL 2'!M68,0) -> 0 | N64: =ROUNDUP(' AZUL 2'!N68,0) -> 4
A65: Papa | B65: =ROUNDUP(' AZUL 2'!B69,0) -> 12 | C65: =ROUNDUP(' AZUL 2'!C69,0) -> 20 | D65: =ROUNDUP(' AZUL 2'!D69,0) -> 0 | E65: =ROUNDUP(' AZUL 2'!E69,0) -> 18 | F65: =ROUNDUP(' AZUL 2'!F69,0) -> 0 | G65: =ROUNDUP(' AZUL 2'!G69,0) -> 0 | H65: =ROUNDUP(' AZUL 2'!H69,0) -> 30 | I65: =ROUNDUP(' AZUL 2'!I69,0) -> 0 | ... N65: =ROUNDUP(' AZUL 2'!N69,0) -> 14
A66: Cebolla | B66: =ROUNDUP(' AZUL 2'!B70,0) -> 5 | C66: 0 | D66: =ROUNDUP(' AZUL 2'!D70,0) -> 0 | E66: =ROUNDUP(' AZUL 2'!E70,0) -> 7 | F66: =ROUNDUP(' AZUL 2'!F70,0) -> 0 | G66: =ROUNDUP(' AZUL 2'!G70,0) -> 0 | H66: =ROUNDUP(' AZUL 2'!H70,0) -> 12 | I66: =ROUNDUP(' AZUL 2'!I70,0) -> 0 | J66: =ROUNDUP(' AZUL 2'!J70,0) -> 0 | K66: 0 | L66: =ROUNDUP(' AZUL 2'!L70,0) -> 0 | M66: =ROUNDUP(' AZUL 2'!M70,0) -> 0 | N66: =ROUNDUP(' AZUL 2'!N70,0) -> 6
A67: Zanahoria | B67: 0 | C67: =ROUNDUP(' AZUL 2'!C71,0) -> 5 | D67: =ROUNDUP(' AZUL 2'!D71,0) -> 0 | E67: =ROUNDUP(' AZUL 2'!E71,0) -> 5 | F67: =ROUNDUP(' AZUL 2'!F71,0) -> 0 | G67: =ROUNDUP(' AZUL 2'!G71,0) -> 0 | H67: 0 | I67: =ROUNDUP(' AZUL 2'!I71,0) -> 0 | J67: =ROUNDUP(' AZUL 2'!J71,0) -> 0 | K67: =ROUNDUP(' AZUL 2'!K71,0) -> 5 | L67: =ROUNDUP(' AZUL 2'!L71,0) -> 0 | M67: =ROUNDUP(' AZUL 2'!M71,0) -> 0 | N67: =ROUNDUP(' AZUL 2'!N71,0) -> 4
A68: Tomate | B68: =ROUNDUP(' AZUL 2'!B72,0) -> 3 | C68: 0 | D68: =ROUNDUP(' AZUL 2'!D72,0) -> 0 | E68: =ROUNDUP(' AZUL 2'!E72,0) -> 4 | F68: =ROUNDUP(' AZUL 2'!F72,0) -> 0 | G68: =ROUNDUP(' AZUL 2'!G72,0) -> 0 | H68: =ROUNDUP(' AZUL 2'!H72,0) -> 6 | I68: =ROUNDUP(' AZUL 2'!I72,0) -> 0 | J68: =ROUNDUP(' AZUL 2'!J72,0) -> 0 | K68: =ROUNDUP(' AZUL 2'!K72,0) -> 4 | ... N68: =ROUNDUP(' AZUL 2'!N72,0) -> 3
A69: Ajo | B69: =ROUNDUP(' AZUL 2'!B73,0) -> 1 | C69: =ROUNDUP(' AZUL 2'!C73,0) -> 1 | D69: =ROUNDUP(' AZUL 2'!D73,0) -> 0 | E69: =ROUNDUP(' AZUL 2'!E73,0) -> 1 | F69: =ROUNDUP(' AZUL 2'!F73,0) -> 0 | G69: =ROUNDUP(' AZUL 2'!G73,0) -> 0 | H69: =ROUNDUP(' AZUL 2'!H73,0) -> 1 | I69: =ROUNDUP(' AZUL 2'!I73,0) -> 0 | ... N69: =ROUNDUP(' AZUL 2'!N73,0) -> 1
A70: Perejil | B70: 0 | C70: =ROUNDUP(' AZUL 2'!C74,0) -> 1 | D70: =ROUNDUP(' AZUL 2'!D74,0) -> 0 | E70: =ROUNDUP(' AZUL 2'!E74,0) -> 1 | F70: =ROUNDUP(' AZUL 2'!F74,0) -> 0 | G70: =ROUNDUP(' AZUL 2'!G74,0) -> 0 | H70: 0 | I70: =ROUNDUP(' AZUL 2'!I74,0) -> 0 | J70: =ROUNDUP(' AZUL 2'!J74,0) -> 0 | K70: =ROUNDUP(' AZUL 2'!K74,0) -> 1 | L70: =ROUNDUP(' AZUL 2'!L74,0) -> 0 | M70: =ROUNDUP(' AZUL 2'!M74,0) -> 0 | N70: =ROUNDUP(' AZUL 2'!N74,0) -> 1
A71: Huevo de gallina x doc | B71: =ROUNDUP(' AZUL 2'!B$75,0) -> 8 | C71: =ROUNDUP(' AZUL 2'!C$75,0) -> 13 | D71: =ROUNDUP(' AZUL 2'!D$75,0) -> 0 | E71: =ROUNDUP(' AZUL 2'!E$75,0) -> 12 | F71: =ROUNDUP(' AZUL 2'!F$75,0) -> 0 | G71: =ROUNDUP(' AZUL 2'!G$75,0) -> 0 | H71: 0 | I71: =ROUNDUP(' AZUL 2'!I$75,0) -> 0 | J71: =ROUNDUP(' AZUL 2'!J$75,0) -> 0 | K71: =ROUNDUP(' AZUL 2'!K$75,0) -> 12 | L71: =ROUNDUP(' AZUL 2'!L$75,0) -> 0 | M71: =ROUNDUP(' AZUL 2'!M$75,0) -> 0 | N71: =ROUNDUP(' AZUL 2'!N$75,0) -> 9
B78: EES 12 | C78: EEST 1 | D78: EEST 2 | E78: SAN FCO | F78: CEPT 31 | G78: CFI 1 | H78: 502 | I78: 503 | J78: 504 | K78: 505 | L78: VIVENCIAS | M78: CADRAL | N78: CEC 802
B79: EP 26 | E79: SEC
B80: 68 | C80: 566 | D80: 850 | E80: 121 | F80: 100 | G80: 108 | H80: 124 | I80: 46 | J80: 50 | K80: 104 | L80: 60 | M80: 42 | N80: 103
B81: 68 | C81: 160 | D81: 0 | E81: 0 | F81: 100 | G81: 54 | H81: 62 | I81: 23 | J81: 25 | K81: 52 | L81: 30 | M81: 19 | N81: 103
A82: MANZANA | B82: =ROUNDUP(' AZUL 2'!B86,0) -> 17 | C82: =ROUNDUP(' AZUL 2'!C86,0) -> 90 | D82: 170 | E82: =ROUNDUP(' AZUL 2'!E86,0) -> 16 | F82: =ROUNDUP(' AZUL 2'!F86,0) -> 25 | G82: =ROUNDUP(' AZUL 2'!G86,0) -> 20 | H82: =ROUNDUP(' AZUL 2'!H86,0) -> 23 | I82: =ROUNDUP(' AZUL 2'!I86,0) -> 9 | J82: =ROUNDUP(' AZUL 2'!J86,0) -> 10 | K82: 0 | L82: =ROUNDUP(' AZUL 2'!L86,0) -> 12 | M82: 0 | N82: =ROUNDUP(' AZUL 2'!N86,0) -> 26
A83: BANANA | B83: =ROUNDUP(' AZUL 2'!B87,0) -> 9 | C83: =ROUNDUP(' AZUL 2'!C87,0) -> 20 | D83: 80 | E83: =ROUNDUP(' AZUL 2'!E87,0) -> 0 | F83: =ROUNDUP(' AZUL 2'!F87,0) -> 12 | G83: =ROUNDUP(' AZUL 2'!G87,0) -> 7 | H83: =ROUNDUP(' AZUL 2'!H87,0) -> 8 | I83: =ROUNDUP(' AZUL 2'!I87,0) -> 3 | J83: =ROUNDUP(' AZUL 2'!J87,0) -> 3 | K83: =ROUNDUP(' AZUL 2'!K87,0) -> 7 | L83: =ROUNDUP(' AZUL 2'!L87,0) -> 4 | M83: 0 | N83: =ROUNDUP(' AZUL 2'!N87,0) -> 13
A84: NARANJA O MANDARINA | B84: =ROUNDUP(' AZUL 2'!B88,0) -> 34 | C84: 0 | E84: =ROUNDUP(' AZUL 2'!E88,0) -> 31 | F84: =ROUNDUP(' AZUL 2'!F88,0) -> 49 | G84: =ROUNDUP(' AZUL 2'!G88,0) -> 40 | H84: =ROUNDUP(' AZUL 2'!H88,0) -> 46 | I84: =ROUNDUP(' AZUL 2'!I88,0) -> 18 | J84: =ROUNDUP(' AZUL 2'!J88,0) -> 19 | K84: 0 | L84: 0 | M84: 0 | N84: =ROUNDUP(' AZUL 2'!N88,0) -> 51
A85: PERA | B85: =ROUNDUP(' AZUL 2'!B89,0) -> 0 | C85: =ROUNDUP(' AZUL 2'!C89,0) -> 0 | D85: =ROUNDUP(' AZUL 2'!D89,0) -> 0 | E85: =ROUNDUP(' AZUL 2'!E89,0) -> 0 | F85: =ROUNDUP(' AZUL 2'!F89,0) -> 0 | G85: =ROUNDUP(' AZUL 2'!G89,0) -> 0 | H85: =ROUNDUP(' AZUL 2'!H89,0) -> 0 | I85: =ROUNDUP(' AZUL 2'!I89,0) -> 0 | ... N85: =ROUNDUP(' AZUL 2'!N89,0) -> 0
A86: Zapallo ANCO | B86: =ROUNDUP(' AZUL 2'!B90,0) -> 10 | C86: =ROUNDUP(' AZUL 2'!C90,0) -> 23 | D86: =ROUNDUP(' AZUL 2'!D90,0) -> 0 | E86: =ROUNDUP(' AZUL 2'!E90,0) -> 0 | F86: =ROUNDUP(' AZUL 2'!F90,0) -> 14 | G86: =ROUNDUP(' AZUL 2'!G90,0) -> 8 | H86: =ROUNDUP(' AZUL 2'!H90,0) -> 9 | I86: =ROUNDUP(' AZUL 2'!I90,0) -> 4 | J86: =ROUNDUP(' AZUL 2'!J90,0) -> 4 | K86: 0 | L86: =ROUNDUP(' AZUL 2'!L90,0) -> 5 | M86: =ROUNDUP(' AZUL 2'!M90,0) -> 3 | N86: =ROUNDUP(' AZUL 2'!N90,0) -> 15
A87: Zapallo verde | B87: 0 | C87: 0 | D87: =ROUNDUP(' AZUL 2'!D91,0) -> 0 | E87: =ROUNDUP(' AZUL 2'!E91,0) -> 0 | F87: =ROUNDUP(' AZUL 2'!F91,0) -> 5 | G87: =ROUNDUP(' AZUL 2'!G91,0) -> 3 | H87: =ROUNDUP(' AZUL 2'!H91,0) -> 4 | I87: =ROUNDUP(' AZUL 2'!I91,0) -> 2 | J87: =ROUNDUP(' AZUL 2'!J91,0) -> 2 | K87: 0 | L87: =ROUNDUP(' AZUL 2'!L91,0) -> 2 | M87: =ROUNDUP(' AZUL 2'!M91,0) -> 1 | N87: =ROUNDUP(' AZUL 2'!N91,0) -> 6
A88: Papa | B88: =ROUNDUP(' AZUL 2'!B92,0) -> 14 | C88: =ROUNDUP(' AZUL 2'!C92,0) -> 32 | D88: =ROUNDUP(' AZUL 2'!D92,0) -> 0 | E88: =ROUNDUP(' AZUL 2'!E92,0) -> 0 | F88: =ROUNDUP(' AZUL 2'!F92,0) -> 20 | G88: =ROUNDUP(' AZUL 2'!G92,0) -> 11 | H88: =ROUNDUP(' AZUL 2'!H92,0) -> 13 | I88: =ROUNDUP(' AZUL 2'!I92,0) -> 5 | J88: =ROUNDUP(' AZUL 2'!J92,0) -> 5 | K88: 0 | L88: =ROUNDUP(' AZUL 2'!L92,0) -> 6 | M88: =ROUNDUP(' AZUL 2'!M92,0) -> 4 | N88: =ROUNDUP(' AZUL 2'!N92,0) -> 21
A89: Cebolla | B89: 0 | C89: 0 | D89: =ROUNDUP(' AZUL 2'!D93,0) -> 0 | E89: =ROUNDUP(' AZUL 2'!E93,0) -> 0 | F89: =ROUNDUP(' AZUL 2'!F93,0) -> 8 | G89: =ROUNDUP(' AZUL 2'!G93,0) -> 5 | H89: =ROUNDUP(' AZUL 2'!H93,0) -> 5 | I89: =ROUNDUP(' AZUL 2'!I93,0) -> 2 | J89: =ROUNDUP(' AZUL 2'!J93,0) -> 2 | K89: 0 | L89: 0 | M89: =ROUNDUP(' AZUL 2'!M93,0) -> 2 | N89: =ROUNDUP(' AZUL 2'!N93,0) -> 8
A90: Zanahoria | B90: 0 | C90: 0 | D90: =ROUNDUP(' AZUL 2'!D94,0) -> 0 | E90: =ROUNDUP(' AZUL 2'!E94,0) -> 0 | F90: =ROUNDUP(' AZUL 2'!F94,0) -> 5 | G90: =ROUNDUP(' AZUL 2'!G94,0) -> 3 | H90: =ROUNDUP(' AZUL 2'!H94,0) -> 4 | I90: =ROUNDUP(' AZUL 2'!I94,0) -> 2 | J90: =ROUNDUP(' AZUL 2'!J94,0) -> 2 | K90: =ROUNDUP(' AZUL 2'!K94,0) -> 3 | L90: =ROUNDUP(' AZUL 2'!L94,0) -> 2 | M90: 0 | N90: =ROUNDUP(' AZUL 2'!N94,0) -> 6
A91: Tomate | B91: 0 | C91: 0 | D91: =ROUNDUP(' AZUL 2'!D95,0) -> 0 | E91: =ROUNDUP(' AZUL 2'!E95,0) -> 0 | F91: =ROUNDUP(' AZUL 2'!F95,0) -> 4 | G91: =ROUNDUP(' AZUL 2'!G95,0) -> 2 | H91: =ROUNDUP(' AZUL 2'!H95,0) -> 3 | I91: =ROUNDUP(' AZUL 2'!I95,0) -> 1 | J91: =ROUNDUP(' AZUL 2'!J95,0) -> 1 | K91: =ROUNDUP(' AZUL 2'!K95,0) -> 2 | ... N91: =ROUNDUP(' AZUL 2'!N95,0) -> 4
A92: Ajo | B92: 0 | C92: =ROUNDUP(' AZUL 2'!C96,0) -> 1 | D92: =ROUNDUP(' AZUL 2'!D96,0) -> 0 | E92: =ROUNDUP(' AZUL 2'!E96,0) -> 0 | F92: =ROUNDUP(' AZUL 2'!F96,0) -> 1 | G92: =ROUNDUP(' AZUL 2'!G96,0) -> 1 | H92: =ROUNDUP(' AZUL 2'!H96,0) -> 1 | I92: =ROUNDUP(' AZUL 2'!I96,0) -> 1 | J92: =ROUNDUP(' AZUL 2'!J96,0) -> 1 | K92: =ROUNDUP(' AZUL 2'!K96,0) -> 1 | L92: 0 | M92: 0 | N92: =ROUNDUP(' AZUL 2'!N96,0) -> 1
A93: Perejil | B93: 0 | C93: =ROUNDUP(' AZUL 2'!C97,0) -> 1 | D93: =ROUNDUP(' AZUL 2'!D97,0) -> 0 | E93: =ROUNDUP(' AZUL 2'!E97,0) -> 0 | F93: =ROUNDUP(' AZUL 2'!F97,0) -> 1 | G93: =ROUNDUP(' AZUL 2'!G97,0) -> 1 | H93: =ROUNDUP(' AZUL 2'!H97,0) -> 1 | I93: =ROUNDUP(' AZUL 2'!I97,0) -> 1 | J93: 0 | K93: =ROUNDUP(' AZUL 2'!K97,0) -> 1 | L93: 0 | M93: 0 | N93: =ROUNDUP(' AZUL 2'!N97,0) -> 1
A94: Huevo de gallina x doc | B94: =ROUNDUP(' AZUL 2'!B$98,0) -> 9 | C94: =ROUNDUP(' AZUL 2'!C$98,0) -> 20 | D94: =ROUNDUP(' AZUL 2'!D$98,0) -> 0 | E94: =ROUNDUP(' AZUL 2'!E$98,0) -> 0 | F94: =ROUNDUP(' AZUL 2'!F$98,0) -> 13 | G94: =ROUNDUP(' AZUL 2'!G$98,0) -> 7 | H94: =ROUNDUP(' AZUL 2'!H$98,0) -> 8 | I94: =ROUNDUP(' AZUL 2'!I$98,0) -> 3 | ... L94: =ROUNDUP(' AZUL 2'!L$98,0) -> 4 | M94: 0 | N94: =ROUNDUP(' AZUL 2'!N$98,0) -> 13
B101: JI 901 | C101: JI 902 | D101: JI 905 | E101: JI 906 | F101: JI 907 | G101: JI 908 | H101: JI 909 | I101: JI 910 | J101: JI 912 | K101: JI 913 | L101: JI 914 | M101: JI 915 | N101: JI 916 | O101: JI 917 | P101: JI 918 | Q101: JI 919
B102: 160 | C102: 80 | D102: 156 | E102: 97 | F102: 2 | G102: 78 | H102: 69 | I102: 61 | J102: 131 | K102: 75 | L102: 66 | M102: 80 | N102: 71 | O102: 69 | P102: 42 | Q102: 70
B103: 0 | C103: 0 | D103: 0 | E103: 0 | F103: 0 | G103: 0 | H103: 0 | I103: 0 | J103: 40 | K103: 0 | L103: 0 | M103: 0 | N103: 0 | O103: 0 | P103: 0 | Q103: 0
A104: MANZANA | B104: =ROUNDUP(' AZUL 2'!B108,0) -> 20 | C104: 0 | D104: 0 | E104: =ROUNDUP(' AZUL 2'!E108,0) -> 13 | F104: =ROUNDUP(' AZUL 2'!F108,0) -> 1 | G104: =ROUNDUP(' AZUL 2'!G108,0) -> 10 | H104: =ROUNDUP(' AZUL 2'!H108,0) -> 9 | I104: =ROUNDUP(' AZUL 2'!I108,0) -> 8 | J104: =ROUNDUP(' AZUL 2'!J108,0) -> 22 | K104: =ROUNDUP(' AZUL 2'!K108,0) -> 10 | L104: =ROUNDUP(' AZUL 2'!L108,0) -> 9 | ... N104: =ROUNDUP(' AZUL 2'!N108,0) -> 9 | O104: 0 | P104: =ROUNDUP(' AZUL 2'!P108,0) -> 6 | Q104: =ROUNDUP(' AZUL 2'!Q108,0) -> 9
A105: BANANA | B105: =ROUNDUP(' AZUL 2'!B109,0) -> 0 | C105: 0 | D105: 0 | E105: =ROUNDUP(' AZUL 2'!E109,0) -> 0 | F105: =ROUNDUP(' AZUL 2'!F109,0) -> 0 | G105: =ROUNDUP(' AZUL 2'!G109,0) -> 0 | H105: =ROUNDUP(' AZUL 2'!H109,0) -> 0 | I105: =ROUNDUP(' AZUL 2'!I109,0) -> 0 | J105: =ROUNDUP(' AZUL 2'!J109,0) -> 5 | K105: =ROUNDUP(' AZUL 2'!K109,0) -> 0 | L105: =ROUNDUP(' AZUL 2'!L109,0) -> 0 | ... Q105: =ROUNDUP(' AZUL 2'!Q109,0) -> 0
A106: NARANJA O MANDARINA | B106: =ROUNDUP(' AZUL 2'!B110,0) -> 40 | C106: 0 | D106: 0 | E106: =ROUNDUP(' AZUL 2'!E110,0) -> 25 | F106: 0 | G106: =ROUNDUP(' AZUL 2'!G110,0) -> 20 | H106: =ROUNDUP(' AZUL 2'!H110,0) -> 18 | I106: =ROUNDUP(' AZUL 2'!I110,0) -> 16 | J106: =ROUNDUP(' AZUL 2'!J110,0) -> 43 | K106: =ROUNDUP(' AZUL 2'!K110,0) -> 19 | L106: =ROUNDUP(' AZUL 2'!L110,0) -> 17 | M106: =ROUNDUP(' AZUL 2'!M110,0) -> 20 | N106: =ROUNDUP(' AZUL 2'!N110,0) -> 18 | O106: 0 | P106: =ROUNDUP(' AZUL 2'!P110,0) -> 11 | Q106: =ROUNDUP(' AZUL 2'!Q110,0) -> 18
A107: PERA | B107: =ROUNDUP(' AZUL 2'!B111,0) -> 0 | C107: =ROUNDUP(' AZUL 2'!C111,0) -> 0 | D107: =ROUNDUP(' AZUL 2'!D111,0) -> 0 | E107: =ROUNDUP(' AZUL 2'!E111,0) -> 0 | F107: =ROUNDUP(' AZUL 2'!F111,0) -> 0 | G107: =ROUNDUP(' AZUL 2'!G111,0) -> 0 | H107: =ROUNDUP(' AZUL 2'!H111,0) -> 0 | I107: =ROUNDUP(' AZUL 2'!I111,0) -> 0 | ... Q107: =ROUNDUP(' AZUL 2'!Q111,0) -> 0
A108: Zapallo ANCO | B108: =ROUNDUP(' AZUL 2'!B112,0) -> 0 | C108: =ROUNDUP(' AZUL 2'!C112,0) -> 0 | D108: =ROUNDUP(' AZUL 2'!D112,0) -> 0 | E108: =ROUNDUP(' AZUL 2'!E112,0) -> 0 | F108: =ROUNDUP(' AZUL 2'!F112,0) -> 0 | G108: =ROUNDUP(' AZUL 2'!G112,0) -> 0 | H108: =ROUNDUP(' AZUL 2'!H112,0) -> 0 | I108: =ROUNDUP(' AZUL 2'!I112,0) -> 0 | J108: 0 | K108: =ROUNDUP(' AZUL 2'!K112,0) -> 0 | L108: =ROUNDUP(' AZUL 2'!L112,0) -> 0 | M108: =ROUNDUP(' AZUL 2'!M112,0) -> 0 | N108: =ROUNDUP(' AZUL 2'!N112,0) -> 0 | O108: =ROUNDUP(' AZUL 2'!O112,0) -> 0 | P108: =ROUNDUP(' AZUL 2'!P112,0) -> 0 | Q108: =ROUNDUP(' AZUL 2'!Q112,0) -> 0
A109: Zapallo verde | B109: =ROUNDUP(' AZUL 2'!B113,0) -> 0 | C109: =ROUNDUP(' AZUL 2'!C113,0) -> 0 | D109: =ROUNDUP(' AZUL 2'!D113,0) -> 0 | E109: =ROUNDUP(' AZUL 2'!E113,0) -> 0 | F109: =ROUNDUP(' AZUL 2'!F113,0) -> 0 | G109: =ROUNDUP(' AZUL 2'!G113,0) -> 0 | H109: =ROUNDUP(' AZUL 2'!H113,0) -> 0 | I109: =ROUNDUP(' AZUL 2'!I113,0) -> 0 | J109: 0 | K109: =ROUNDUP(' AZUL 2'!K113,0) -> 0 | L109: =ROUNDUP(' AZUL 2'!L113,0) -> 0 | M109: =ROUNDUP(' AZUL 2'!M113,0) -> 0 | N109: =ROUNDUP(' AZUL 2'!N113,0) -> 0 | O109: =ROUNDUP(' AZUL 2'!O113,0) -> 0 | P109: =ROUNDUP(' AZUL 2'!P113,0) -> 0 | Q109: =ROUNDUP(' AZUL 2'!Q113,0) -> 0
A110: Papa | B110: =ROUNDUP(' AZUL 2'!B114,0) -> 0 | C110: =ROUNDUP(' AZUL 2'!C114,0) -> 0 | D110: =ROUNDUP(' AZUL 2'!D114,0) -> 0 | E110: =ROUNDUP(' AZUL 2'!E114,0) -> 0 | F110: =ROUNDUP(' AZUL 2'!F114,0) -> 0 | G110: =ROUNDUP(' AZUL 2'!G114,0) -> 0 | H110: =ROUNDUP(' AZUL 2'!H114,0) -> 0 | I110: =ROUNDUP(' AZUL 2'!I114,0) -> 0 | ... Q110: =ROUNDUP(' AZUL 2'!Q114,0) -> 0
A111: Cebolla | B111: =ROUNDUP(' AZUL 2'!B115,0) -> 0 | C111: =ROUNDUP(' AZUL 2'!C115,0) -> 0 | D111: =ROUNDUP(' AZUL 2'!D115,0) -> 0 | E111: =ROUNDUP(' AZUL 2'!E115,0) -> 0 | F111: =ROUNDUP(' AZUL 2'!F115,0) -> 0 | G111: =ROUNDUP(' AZUL 2'!G115,0) -> 0 | H111: =ROUNDUP(' AZUL 2'!H115,0) -> 0 | I111: =ROUNDUP(' AZUL 2'!I115,0) -> 0 | ... Q111: =ROUNDUP(' AZUL 2'!Q115,0) -> 0
A112: Zanahoria | B112: =ROUNDUP(' AZUL 2'!B116,0) -> 0 | C112: =ROUNDUP(' AZUL 2'!C116,0) -> 0 | D112: =ROUNDUP(' AZUL 2'!D116,0) -> 0 | E112: =ROUNDUP(' AZUL 2'!E116,0) -> 0 | F112: =ROUNDUP(' AZUL 2'!F116,0) -> 0 | G112: =ROUNDUP(' AZUL 2'!G116,0) -> 0 | H112: =ROUNDUP(' AZUL 2'!H116,0) -> 0 | I112: =ROUNDUP(' AZUL 2'!I116,0) -> 0 | J112: 0 | K112: =ROUNDUP(' AZUL 2'!K116,0) -> 0 | L112: =ROUNDUP(' AZUL 2'!L116,0) -> 0 | M112: =ROUNDUP(' AZUL 2'!M116,0) -> 0 | N112: =ROUNDUP(' AZUL 2'!N116,0) -> 0 | O112: =ROUNDUP(' AZUL 2'!O116,0) -> 0 | P112: =ROUNDUP(' AZUL 2'!P116,0) -> 0 | Q112: =ROUNDUP(' AZUL 2'!Q116,0) -> 0
A113: Tomate | B113: =ROUNDUP(' AZUL 2'!B117,0) -> 0 | C113: =ROUNDUP(' AZUL 2'!C117,0) -> 0 | D113: =ROUNDUP(' AZUL 2'!D117,0) -> 0 | E113: =ROUNDUP(' AZUL 2'!E117,0) -> 0 | F113: =ROUNDUP(' AZUL 2'!F117,0) -> 0 | G113: =ROUNDUP(' AZUL 2'!G117,0) -> 0 | H113: =ROUNDUP(' AZUL 2'!H117,0) -> 0 | I113: =ROUNDUP(' AZUL 2'!I117,0) -> 0 | ... Q113: =ROUNDUP(' AZUL 2'!Q117,0) -> 0
A114: Ajo | B114: =ROUNDUP(' AZUL 2'!B118,0) -> 0 | C114: =ROUNDUP(' AZUL 2'!C118,0) -> 0 | D114: =ROUNDUP(' AZUL 2'!D118,0) -> 0 | E114: =ROUNDUP(' AZUL 2'!E118,0) -> 0 | F114: =ROUNDUP(' AZUL 2'!F118,0) -> 0 | G114: =ROUNDUP(' AZUL 2'!G118,0) -> 0 | H114: =ROUNDUP(' AZUL 2'!H118,0) -> 0 | I114: =ROUNDUP(' AZUL 2'!I118,0) -> 0 | ... Q114: =ROUNDUP(' AZUL 2'!Q118,0) -> 0
A115: Perejil | B115: =ROUNDUP(' AZUL 2'!B119,0) -> 0 | C115: =ROUNDUP(' AZUL 2'!C119,0) -> 0 | D115: =ROUNDUP(' AZUL 2'!D119,0) -> 0 | E115: =ROUNDUP(' AZUL 2'!E119,0) -> 0 | F115: =ROUNDUP(' AZUL 2'!F119,0) -> 0 | G115: =ROUNDUP(' AZUL 2'!G119,0) -> 0 | H115: =ROUNDUP(' AZUL 2'!H119,0) -> 0 | I115: =ROUNDUP(' AZUL 2'!I119,0) -> 0 | ... Q115: =ROUNDUP(' AZUL 2'!Q119,0) -> 0
A116: Huevo de gallina x doc | B116: =ROUNDUP(' AZUL 2'!B$120,0) -> 0 | C116: =ROUNDUP(' AZUL 2'!C$120,0) -> 0 | D116: =ROUNDUP(' AZUL 2'!D$120,0) -> 0 | E116: =ROUNDUP(' AZUL 2'!E$120,0) -> 0 | F116: =ROUNDUP(' AZUL 2'!F$120,0) -> 0 | G116: =ROUNDUP(' AZUL 2'!G$120,0) -> 0 | H116: =ROUNDUP(' AZUL 2'!H$120,0) -> 0 | I116: =ROUNDUP(' AZUL 2'!I$120,0) -> 0 | ... Q116: =ROUNDUP(' AZUL 2'!Q$120,0) -> 0

Sheet OC SECOS y LAC AZUL 2
A6: AZUL PERIODO REGULAR 2026
A7: ORDEN DE COMPRA
A8: FECHA:
A10: LACTEOS Y SECOS -
A11: AZUL- PROVEEDOR TUX SA - LACTEOS Y SECOS- PEDIDO SEMANAL-
B13: EP 1 | C13: EP 7 | D13: EP 9 | E13: EP 13 | F13: EP 14 | G13: EP 16 | H13: EP 17 | I13: EP 18 | J13: EP 19 | K13: EP 21 | L13: EP 22 | M13: EP24 JIR7 | N13: EP25 JIR 4
B14: 94 | C14: 101 | D14: 6 | E14: 164 | F14: 90 | G14: 28 | H14: 27 | I14: 71 | J14: 148 | K14: 86 | L14: 92 | M14: 13 | N14: 22
B15: 47 | C15: 0 | D15: 3 | E15: 82 | F15: 0 | G15: 14 | H15: 0 | I15: 0 | J15: 87 | K15: 43 | L15: 56 | M15: 0 | N15: 10
A16: Leche fluida x litro | B16: =ROUNDUP(' AZUL 2'!B135,0) -> 63 | C16: 0 | D16: =ROUNDUP(' AZUL 2'!D135,0) -> 4 | E16: =ROUNDUP(' AZUL 2'!E135,0) -> 109 | F16: 0 | G16: =ROUNDUP(' AZUL 2'!G135,0) -> 19 | H16: 0 | I16: =ROUNDUP(' AZUL 2'!I135,0) -> 43 | J16: 0 | K16: =ROUNDUP(' AZUL 2'!K135,0) -> 57 | L16: 60 | M16: 5 | N16: 0
A17: Azucar kg | B17: =ROUNDUP(' AZUL 2'!B136,0) -> 2 | C17: =ROUNDUP(' AZUL 2'!C136,0) -> 2 | D17: 0 | E17: =ROUNDUP(' AZUL 2'!E136,0) -> 4 | F17: =ROUNDUP(' AZUL 2'!F136,0) -> 1 | G17: 2 | H17: 0 | I17: =ROUNDUP(' AZUL 2'!I136,0) -> 1 | J17: =ROUNDUP(' AZUL 2'!J136,0) -> 1 | K17: =ROUNDUP(' AZUL 2'!K136,0) -> 1 | L17: =ROUNDUP(' AZUL 2'!L136,0) -> 1 | M17: =ROUNDUP(' AZUL 2'!M136,0) -> 1 | N17: =ROUNDUP(' AZUL 2'!N136,0) -> 1
A18: Té en saquito x 25 u | B18: 0 | C18: 0 | D18: 0 | E18: =ROUNDUP(' AZUL 2'!E137,0) -> 10 | F18: 0 | G18: =ROUNDUP(' AZUL 2'!G137,0) -> 2 | H18: 0 | I18: 0 | J18: 0 | K18: 0 | L18: 0 | M18: =ROUNDUP(' AZUL 2'!M137,0) -> 1 | N18: 0
A19: Cacao en polvo x 360 g | B19: =ROUNDUP(' AZUL 2'!B138,0) -> 6 | C19: =ROUNDUP(' AZUL 2'!C138,0) -> 6 | D19: 0 | E19: =ROUNDUP(' AZUL 2'!E138,0) -> 10 | F19: 0 | G19: =ROUNDUP(' AZUL 2'!G138,0) -> 2 | H19: 0 | I19: =ROUNDUP(' AZUL 2'!I138,0) -> 4 | J19: =ROUNDUP(' AZUL 2'!J138,0) -> 9 | K19: 0 | L19: =ROUNDUP(' AZUL 2'!L138,0) -> 6 | M19: =ROUNDUP(' AZUL 2'!M138,0) -> 1 | N19: 0
A20: Dulce de leche por 400 gr | B20: =ROUNDUP(' AZUL 2'!B139,0) -> 8 | C20: 0 | D20: 0 | E20: =ROUNDUP(' AZUL 2'!E139,0) -> 13 | F20: =ROUNDUP(' AZUL 2'!F139,0) -> 7 | G20: =ROUNDUP(' AZUL 2'!G139,0) -> 3 | H20: 0 | I20: =ROUNDUP(' AZUL 2'!I139,0) -> 6 | J20: =ROUNDUP(' AZUL 2'!J139,0) -> 12 | K20: =ROUNDUP(' AZUL 2'!K139,0) -> 7 | L20: =ROUNDUP(' AZUL 2'!L139,0) -> 7 | M20: =ROUNDUP(' AZUL 2'!M139,0) -> 1 | N20: =ROUNDUP(' AZUL 2'!N139,0) -> 2
A21: Dulce de batata x kg | B21: 0 | C21: 0 | D21: 0 | E21: =ROUNDUP(' AZUL 2'!E140,0) -> 4 | F21: 0 | G21: =ROUNDUP(' AZUL 2'!G140,0) -> 1 | H21: 0 | I21: 0 | J21: 0 | K21: =ROUNDUP(' AZUL 2'!K140,0) -> 2 | L21: 0 | M21: =ROUNDUP(' AZUL 2'!M140,0) -> 1 | N21: =ROUNDUP(' AZUL 2'!N140,0) -> 1
A22: Queso cuartirolo cx kg | B22: =ROUNDUP(' AZUL 2'!B141,0) -> 3 | C22: =ROUNDUP(' AZUL 2'!C141,0) -> 0 | D22: 0 | E22: =ROUNDUP(' AZUL 2'!E141,0) -> 5 | F22: =ROUNDUP(' AZUL 2'!F141,0) -> 0 | G22: =ROUNDUP(' AZUL 2'!G141,0) -> 1 | H22: 0 | I22: =ROUNDUP(' AZUL 2'!I141,0) -> 0 | J22: =ROUNDUP(' AZUL 2'!J141,0) -> 5 | K22: =ROUNDUP(' AZUL 2'!K141,0) -> 3 | L22: =ROUNDUP(' AZUL 2'!L141,0) -> 3 | M22: =ROUNDUP(' AZUL 2'!M141,0) -> 0 | N22: =ROUNDUP(' AZUL 2'!N141,0) -> 1
A23: Aceite girasol por 900 cc | B23: 0 | C23: =ROUNDUP(' AZUL 2'!C142,0) -> 0 | D23: =ROUNDUP(' AZUL 2'!D142,0) -> 1 | E23: 1 | F23: =ROUNDUP(' AZUL 2'!F142,0) -> 0 | G23: =ROUNDUP(' AZUL 2'!G142,0) -> 1 | H23: =ROUNDUP(' AZUL 2'!H142,0) -> 0 | I23: =ROUNDUP(' AZUL 2'!I142,0) -> 0 | J23: =ROUNDUP(' AZUL 2'!J142,0) -> 3 | K23: =ROUNDUP(' AZUL 2'!K142,0) -> 2 | L23: 0 | M23: =ROUNDUP(' AZUL 2'!M142,0) -> 0 | N23: =ROUNDUP(' AZUL 2'!N142,0) -> 1
A24: Arroz 00000 por kg | B24: 0 | C24: =ROUNDUP(' AZUL 2'!C143,0) -> 0 | D24: 0 | E24: =ROUNDUP(' AZUL 2'!E143,0) -> 7 | F24: =ROUNDUP(' AZUL 2'!F143,0) -> 0 | G24: =ROUNDUP(' AZUL 2'!G143,0) -> 2 | H24: =ROUNDUP(' AZUL 2'!H143,0) -> 0 | I24: =ROUNDUP(' AZUL 2'!I143,0) -> 0 | J24: =ROUNDUP(' AZUL 2'!J143,0) -> 7 | K24: 0 | L24: 0 | M24: =ROUNDUP(' AZUL 2'!M143,0) -> 0 | N24: 0
A25: Arvejas x 340 gr Tetra Brik | B25: 0 | C25: =ROUNDUP(' AZUL 2'!C144,0) -> 0 | D25: =ROUNDUP(' AZUL 2'!D144,0) -> 0 | E25: =ROUNDUP(' AZUL 2'!E144,0) -> 0 | F25: =ROUNDUP(' AZUL 2'!F144,0) -> 0 | G25: =ROUNDUP(' AZUL 2'!G144,0) -> 0 | H25: =ROUNDUP(' AZUL 2'!H144,0) -> 0 | I25: =ROUNDUP(' AZUL 2'!I144,0) -> 0 | J25: =ROUNDUP(' AZUL 2'!J144,0) -> 0 | ... M25: =ROUNDUP(' AZUL 2'!M144,0) -> 0 | N25: 0
A26: Lentejas remojadas x 350 gr | B26: =ROUNDUP(' AZUL 2'!B145,0) -> 6 | C26: =ROUNDUP(' AZUL 2'!C145,0) -> 0 | D26: =ROUNDUP(' AZUL 2'!D145,0) -> 1 | E26: =ROUNDUP(' AZUL 2'!E145,0) -> 10 | F26: =ROUNDUP(' AZUL 2'!F145,0) -> 0 | G26: =ROUNDUP(' AZUL 2'!G145,0) -> 2 | H26: =ROUNDUP(' AZUL 2'!H145,0) -> 0 | I26: =ROUNDUP(' AZUL 2'!I145,0) -> 0 | ... M26: =ROUNDUP(' AZUL 2'!M145,0) -> 0 | N26: 0
A27: Pimenton x 25 gr | B27: =ROUNDUP(' AZUL 2'!B146,0) -> 0 | C27: =ROUNDUP(' AZUL 2'!C146,0) -> 0 | D27: =ROUNDUP(' AZUL 2'!D146,0) -> 0 | E27: =ROUNDUP(' AZUL 2'!E146,0) -> 0 | F27: =ROUNDUP(' AZUL 2'!F146,0) -> 0 | G27: =ROUNDUP(' AZUL 2'!G146,0) -> 0 | H27: =ROUNDUP(' AZUL 2'!H146,0) -> 0 | I27: =ROUNDUP(' AZUL 2'!I146,0) -> 0 | ... N27: =ROUNDUP(' AZUL 2'!N146,0) -> 0
A28: Oregano x 25 gr | B28: =ROUNDUP(' AZUL 2'!B147,0) -> 0 | C28: =ROUNDUP(' AZUL 2'!C147,0) -> 0 | D28: =ROUNDUP(' AZUL 2'!D147,0) -> 0 | E28: =ROUNDUP(' AZUL 2'!E147,0) -> 0 | F28: =ROUNDUP(' AZUL 2'!F147,0) -> 0 | G28: =ROUNDUP(' AZUL 2'!G147,0) -> 0 | H28: =ROUNDUP(' AZUL 2'!H147,0) -> 0 | I28: =ROUNDUP(' AZUL 2'!I147,0) -> 0 | ... N28: =ROUNDUP(' AZUL 2'!N147,0) -> 0
A29: Condimento para pizza x 25 gr | B29: =ROUNDUP(' AZUL 2'!B148,0) -> 3 | C29: =ROUNDUP(' AZUL 2'!C148,0) -> 0 | D29: 0 | E29: =ROUNDUP(' AZUL 2'!E148,0) -> 5 | F29: =ROUNDUP(' AZUL 2'!F148,0) -> 0 | G29: =ROUNDUP(' AZUL 2'!G148,0) -> 1 | H29: =ROUNDUP(' AZUL 2'!H148,0) -> 0 | I29: =ROUNDUP(' AZUL 2'!I148,0) -> 0 | J29: 0 | K29: 0 | L29: 0 | M29: =ROUNDUP(' AZUL 2'!M148,0) -> 0 | N29: 0
A30: Sal fina x 500 gr | B30: =ROUNDUP(' AZUL 2'!B149,0) -> 1 | C30: =ROUNDUP(' AZUL 2'!C149,0) -> 0 | D30: 0 | E30: =ROUNDUP(' AZUL 2'!E149,0) -> 1 | F30: =ROUNDUP(' AZUL 2'!F149,0) -> 0 | G30: =ROUNDUP(' AZUL 2'!G149,0) -> 1 | H30: =ROUNDUP(' AZUL 2'!H149,0) -> 0 | I30: =ROUNDUP(' AZUL 2'!I149,0) -> 0 | J30: =ROUNDUP(' AZUL 2'!J149,0) -> 1 | K30: =ROUNDUP(' AZUL 2'!K149,0) -> 1 | L30: =ROUNDUP(' AZUL 2'!L149,0) -> 1 | M30: =ROUNDUP(' AZUL 2'!M149,0) -> 0 | N30: 0
A31: Fideo tirabuzòn x 500 g | B31: 0 | C31: =ROUNDUP(' AZUL 2'!C150,0) -> 0 | D31: =ROUNDUP(' AZUL 2'!D150,0) -> 1 | E31: =ROUNDUP(' AZUL 2'!E150,0) -> 12 | F31: =ROUNDUP(' AZUL 2'!F150,0) -> 0 | G31: 3 | H31: =ROUNDUP(' AZUL 2'!H150,0) -> 0 | I31: =ROUNDUP(' AZUL 2'!I150,0) -> 0 | J31: =ROUNDUP(' AZUL 2'!J150,0) -> 13 | K31: 0 | L31: 0 | M31: =ROUNDUP(' AZUL 2'!M150,0) -> 0 | N31: 0
A32: Tomate triturado tetrabrik x 500g | B32: =ROUNDUP(' AZUL 2'!B151,0) -> 5 | C32: =ROUNDUP(' AZUL 2'!C151,0) -> 0 | D32: =ROUNDUP(' AZUL 2'!D151,0) -> 1 | E32: =ROUNDUP(' AZUL 2'!E151,0) -> 8 | F32: =ROUNDUP(' AZUL 2'!F151,0) -> 0 | G32: =ROUNDUP(' AZUL 2'!G151,0) -> 2 | H32: =ROUNDUP(' AZUL 2'!H151,0) -> 0 | I32: =ROUNDUP(' AZUL 2'!I151,0) -> 0 | ... N32: =ROUNDUP(' AZUL 2'!N151,0) -> 1
A33: Pan rallado x kg | B33: =ROUNDUP(' AZUL 2'!B152,0) -> 2 | C33: =ROUNDUP(' AZUL 2'!C152,0) -> 0 | D33: =ROUNDUP(' AZUL 2'!D152,0) -> 1 | E33: 0 | F33: =ROUNDUP(' AZUL 2'!F152,0) -> 0 | G33: =ROUNDUP(' AZUL 2'!G152,0) -> 1 | H33: =ROUNDUP(' AZUL 2'!H152,0) -> 0 | I33: =ROUNDUP(' AZUL 2'!I152,0) -> 0 | J33: =ROUNDUP(' AZUL 2'!J152,0) -> 4 | K33: 0 | L33: =ROUNDUP(' AZUL 2'!L152,0) -> 2 | M33: =ROUNDUP(' AZUL 2'!M152,0) -> 0 | N33: =ROUNDUP(' AZUL 2'!N152,0) -> 1
A34: Almidon de maiz x 500 g | B34: 0 | C34: =ROUNDUP(' AZUL 2'!C153,0) -> 0 | D34: =ROUNDUP(' AZUL 2'!D153,0) -> 1 | E34: =ROUNDUP(' AZUL 2'!E153,0) -> 1 | F34: =ROUNDUP(' AZUL 2'!F153,0) -> 0 | G34: =ROUNDUP(' AZUL 2'!G153,0) -> 1 | H34: =ROUNDUP(' AZUL 2'!H153,0) -> 0 | I34: =ROUNDUP(' AZUL 2'!I153,0) -> 0 | J34: =ROUNDUP(' AZUL 2'!J153,0) -> 1 | K34: 0 | L34: 0 | M34: =ROUNDUP(' AZUL 2'!M153,0) -> 0 | N34: 0
A35: Esencia de vainilla x 100 cc | B35: 0 | C35: =ROUNDUP(' AZUL 2'!C154,0) -> 0 | D35: =ROUNDUP(' AZUL 2'!D154,0) -> 0 | E35: =ROUNDUP(' AZUL 2'!E154,0) -> 0 | F35: =ROUNDUP(' AZUL 2'!F154,0) -> 0 | G35: =ROUNDUP(' AZUL 2'!G154,0) -> 0 | H35: =ROUNDUP(' AZUL 2'!H154,0) -> 0 | I35: =ROUNDUP(' AZUL 2'!I154,0) -> 0 | J35: =ROUNDUP(' AZUL 2'!J154,0) -> 0 | ... M35: =ROUNDUP(' AZUL 2'!M154,0) -> 0 | N35: 0
A36: Harina Leudante x kg | B36: =ROUNDUP(' AZUL 2'!B155,0) -> 3 | C36: =ROUNDUP(' AZUL 2'!C155,0) -> 0 | D36: =ROUNDUP(' AZUL 2'!D155,0) -> 1 | E36: =ROUNDUP(' AZUL 2'!E155,0) -> 5 | F36: =ROUNDUP(' AZUL 2'!F155,0) -> 0 | G36: =ROUNDUP(' AZUL 2'!G155,0) -> 1 | H36: =ROUNDUP(' AZUL 2'!H155,0) -> 0 | I36: =ROUNDUP(' AZUL 2'!I155,0) -> 0 | ... M36: =ROUNDUP(' AZUL 2'!M155,0) -> 0 | N36: 0
A37: Harina 000 x kg | B37: =ROUNDUP(' AZUL 2'!B156,0) -> 4 | C37: =ROUNDUP(' AZUL 2'!C156,0) -> 0 | D37: =ROUNDUP(' AZUL 2'!D156,0) -> 1 | E37: =ROUNDUP(' AZUL 2'!E156,0) -> 7 | F37: =ROUNDUP(' AZUL 2'!F156,0) -> 0 | G37: =ROUNDUP(' AZUL 2'!G156,0) -> 2 | H37: =ROUNDUP(' AZUL 2'!H156,0) -> 0 | I37: =ROUNDUP(' AZUL 2'!I156,0) -> 0 | ... M37: =ROUNDUP(' AZUL 2'!M156,0) -> 0 | N37: 0
A38: Levadura seca x 20 gr | B38: =ROUNDUP(' AZUL 2'!B157,0) -> 1 | C38: =ROUNDUP(' AZUL 2'!C157,0) -> 0 | D38: =ROUNDUP(' AZUL 2'!D157,0) -> 1 | E38: =ROUNDUP(' AZUL 2'!E157,0) -> 2 | F38: =ROUNDUP(' AZUL 2'!F157,0) -> 0 | G38: =ROUNDUP(' AZUL 2'!G157,0) -> 1 | H38: =ROUNDUP(' AZUL 2'!H157,0) -> 0 | I38: =ROUNDUP(' AZUL 2'!I157,0) -> 0 | ... N38: =ROUNDUP(' AZUL 2'!N157,0) -> 1
A39: GALLETAS MARINERA SIN SAL X 300 G | L39: 1
A40: LECHE DESLACTOSADA X L
B42: EP 26 | C42: EP 27 | D42: EP 33 | E42: EP36 JIR2 | F42: EP 37 | G42: EP38 JIR15 | H42: EP39 JIR10 | I42: EP 41 | J42: EP 43 | K42: EP50 JIR 13 | L42: EP 53 | M42: EP 55 | N42: EP57 JIR 11
B43: 49 | C43: 230 | D43: 19 | E43: 38 | F43: 26 | G43: 5 | H43: 5 | I43: 8 | J43: 8 | K43: 7 | L43: 10 | M43: 17 | N43: 9
B44: 40 | C44: 115 | D44: 0 | E44: 0 | F44: 13 | G44: 1 | H44: 0 | I44: 0 | J44: 0 | K44: 0 | L44: 0 | M44: 0 | N44: 3
A45: Leche fluida x litro | B45: 0 | C45: 0 | D45: 0 | E45: 15 | F45: =ROUNDUP(' AZUL 2'!F164,0) -> 18 | G45: 0 | H45: 0 | I45: =ROUNDUP(' AZUL 2'!I164,0) -> 5 | J45: =ROUNDUP(' AZUL 2'!J164,0) -> 5 | K45: 0 | L45: =ROUNDUP(' AZUL 2'!L164,0) -> 6 | M45: =ROUNDUP(' AZUL 2'!M164,0) -> 11 | N45: 0
A46: Azucar kg | B46: =ROUNDUP(' AZUL 2'!B165,0) -> 2 | C46: =ROUNDUP(' AZUL 2'!C165,0) -> 4 | D46: =ROUNDUP(' AZUL 2'!D165,0) -> 1 | E46: =ROUNDUP(' AZUL 2'!E165,0) -> 1 | F46: =ROUNDUP(' AZUL 2'!F165,0) -> 1 | G46: 0 | H46: 0 | I46: =ROUNDUP(' AZUL 2'!I165,0) -> 1 | J46: =ROUNDUP(' AZUL 2'!J165,0) -> 1 | K46: 0 | L46: 0 | M46: =ROUNDUP(' AZUL 2'!M165,0) -> 1 | N46: =ROUNDUP(' AZUL 2'!N165,0) -> 1
A47: Té en saquito x 25 u | B47: 0 | C47: 0 | D47: =ROUNDUP(' AZUL 2'!D166,0) -> 2 | E47: 2 | F47: =ROUNDUP(' AZUL 2'!F166,0) -> 2 | G47: 0 | H47: 0 | I47: 0 | J47: =ROUNDUP(' AZUL 2'!J166,0) -> 1 | K47: 0 | L47: 0 | M47: =ROUNDUP(' AZUL 2'!M166,0) -> 2 | N47: 0
A48: Cacao en polvo x 360 g | B48: =ROUNDUP(' AZUL 2'!B167,0) -> 3 | C48: 0 | D48: 0 | E48: 2 | F48: =ROUNDUP(' AZUL 2'!F167,0) -> 2 | G48: 0 | H48: 0 | I48: =ROUNDUP(' AZUL 2'!I167,0) -> 1 | J48: =ROUNDUP(' AZUL 2'!J167,0) -> 1 | K48: 0 | L48: 0 | M48: =ROUNDUP(' AZUL 2'!M167,0) -> 1 | N48: 0
A49: Dulce de leche por 400 gr | B49: 0 | C49: 0 | D49: =ROUNDUP(' AZUL 2'!D168,0) -> 2 | E49: 2 | F49: =ROUNDUP(' AZUL 2'!F168,0) -> 2 | G49: 0 | H49: 0 | I49: 0 | J49: =ROUNDUP(' AZUL 2'!J168,0) -> 1 | K49: 0 | L49: =ROUNDUP(' AZUL 2'!L168,0) -> 1 | M49: =ROUNDUP(' AZUL 2'!M168,0) -> 2 | N49: =ROUNDUP(' AZUL 2'!N168,0) -> 1
A50: Dulce de batata x kg | B50: 0 | C50: 0 | D50: =ROUNDUP(' AZUL 2'!D169,0) -> 1 | E50: =ROUNDUP(' AZUL 2'!E169,0) -> 1 | F50: 0 | G50: 0 | H50: 0 | I50: =ROUNDUP(' AZUL 2'!I169,0) -> 1 | J50: =ROUNDUP(' AZUL 2'!J169,0) -> 1 | K50: 0 | L50: 0 | M50: 0 | N50: 0
A51: Queso cuartirolo cx kg | B51: =ROUNDUP(' AZUL 2'!B170,0) -> 2 | C51: =ROUNDUP(' AZUL 2'!C170,0) -> 6 | D51: =ROUNDUP(' AZUL 2'!D170,0) -> 0 | E51: =ROUNDUP(' AZUL 2'!E170,0) -> 0 | F51: =ROUNDUP(' AZUL 2'!F170,0) -> 1 | G51: 0 | H51: 0 | I51: =ROUNDUP(' AZUL 2'!I170,0) -> 0 | J51: =ROUNDUP(' AZUL 2'!J170,0) -> 0 | K51: 0 | L51: =ROUNDUP(' AZUL 2'!L170,0) -> 0 | M51: =ROUNDUP(' AZUL 2'!M170,0) -> 0 | N51: =ROUNDUP(' AZUL 2'!N170,0) -> 1
A52: Aceite girasol por 900 cc | B52: 0 | C52: 0 | D52: =ROUNDUP(' AZUL 2'!D171,0) -> 0 | E52: =ROUNDUP(' AZUL 2'!E171,0) -> 0 | F52: =ROUNDUP(' AZUL 2'!F171,0) -> 1 | G52: 0 | H52: =ROUNDUP(' AZUL 2'!H171,0) -> 0 | I52: =ROUNDUP(' AZUL 2'!I171,0) -> 0 | J52: =ROUNDUP(' AZUL 2'!J171,0) -> 0 | K52: 0 | L52: =ROUNDUP(' AZUL 2'!L171,0) -> 0 | M52: =ROUNDUP(' AZUL 2'!M171,0) -> 0 | N52: 0
A53: Arroz 00000 por kg | B53: 0 | C53: 0 | D53: =ROUNDUP(' AZUL 2'!D172,0) -> 0 | E53: =ROUNDUP(' AZUL 2'!E172,0) -> 0 | F53: =ROUNDUP(' AZUL 2'!F172,0) -> 2 | G53: 0 | H53: =ROUNDUP(' AZUL 2'!H172,0) -> 0 | I53: =ROUNDUP(' AZUL 2'!I172,0) -> 0 | J53: =ROUNDUP(' AZUL 2'!J172,0) -> 0 | K53: 0 | L53: =ROUNDUP(' AZUL 2'!L172,0) -> 0 | M53: =ROUNDUP(' AZUL 2'!M172,0) -> 0 | N53: 0
A54: Arvejas x 340 gr Tetra Brik | B54: 0 | C54: =ROUNDUP(' AZUL 2'!C173,0) -> 0 | D54: =ROUNDUP(' AZUL 2'!D173,0) -> 0 | E54: =ROUNDUP(' AZUL 2'!E173,0) -> 0 | F54: =ROUNDUP(' AZUL 2'!F173,0) -> 0 | G54: 0 | H54: =ROUNDUP(' AZUL 2'!H173,0) -> 0 | I54: =ROUNDUP(' AZUL 2'!I173,0) -> 0 | J54: =ROUNDUP(' AZUL 2'!J173,0) -> 0 | K54: =ROUNDUP(' AZUL 2'!K173,0) -> 0 | L54: =ROUNDUP(' AZUL 2'!L173,0) -> 0 | M54: =ROUNDUP(' AZUL 2'!M173,0) -> 0 | N54: 0
A55: Lentejas remojadas x 350 gr | B55: 0 | C55: =ROUNDUP(' AZUL 2'!C174,0) -> 14 | D55: =ROUNDUP(' AZUL 2'!D174,0) -> 0 | E55: =ROUNDUP(' AZUL 2'!E174,0) -> 0 | F55: =ROUNDUP(' AZUL 2'!F174,0) -> 2 | G55: 0 | H55: =ROUNDUP(' AZUL 2'!H174,0) -> 0 | I55: =ROUNDUP(' AZUL 2'!I174,0) -> 0 | J55: =ROUNDUP(' AZUL 2'!J174,0) -> 0 | K55: =ROUNDUP(' AZUL 2'!K174,0) -> 0 | L55: =ROUNDUP(' AZUL 2'!L174,0) -> 0 | M55: =ROUNDUP(' AZUL 2'!M174,0) -> 0 | N55: 0
A56: Pimenton x 25 gr | B56: 0 | C56: =ROUNDUP(' AZUL 2'!C175,0) -> 0 | D56: =ROUNDUP(' AZUL 2'!D175,0) -> 0 | E56: =ROUNDUP(' AZUL 2'!E175,0) -> 0 | F56: =ROUNDUP(' AZUL 2'!F175,0) -> 0 | G56: 0 | H56: =ROUNDUP(' AZUL 2'!H175,0) -> 0 | I56: =ROUNDUP(' AZUL 2'!I175,0) -> 0 | J56: =ROUNDUP(' AZUL 2'!J175,0) -> 0 | K56: =ROUNDUP(' AZUL 2'!K175,0) -> 0 | L56: =ROUNDUP(' AZUL 2'!L175,0) -> 0 | M56: =ROUNDUP(' AZUL 2'!M175,0) -> 0 | N56: 0
A57: Oregano x 25 gr | B57: =ROUNDUP(' AZUL 2'!B176,0) -> 0 | C57: =ROUNDUP(' AZUL 2'!C176,0) -> 0 | D57: =ROUNDUP(' AZUL 2'!D176,0) -> 0 | E57: =ROUNDUP(' AZUL 2'!E176,0) -> 0 | F57: =ROUNDUP(' AZUL 2'!F176,0) -> 0 | G57: 0 | H57: =ROUNDUP(' AZUL 2'!H176,0) -> 0 | I57: =ROUNDUP(' AZUL 2'!I176,0) -> 0 | J57: =ROUNDUP(' AZUL 2'!J176,0) -> 0 | K57: =ROUNDUP(' AZUL 2'!K176,0) -> 0 | L57: =ROUNDUP(' AZUL 2'!L176,0) -> 0 | M57: =ROUNDUP(' AZUL 2'!M176,0) -> 0 | N57: 0
A58: Condimento para pizza x 25 gr | B58: =ROUNDUP(' AZUL 2'!B177,0) -> 0 | C58: =ROUNDUP(' AZUL 2'!C177,0) -> 0 | D58: =ROUNDUP(' AZUL 2'!D177,0) -> 0 | E58: =ROUNDUP(' AZUL 2'!E177,0) -> 0 | F58: =ROUNDUP(' AZUL 2'!F177,0) -> 0 | G58: 0 | H58: =ROUNDUP(' AZUL 2'!H177,0) -> 0 | I58: =ROUNDUP(' AZUL 2'!I177,0) -> 0 | J58: =ROUNDUP(' AZUL 2'!J177,0) -> 0 | K58: =ROUNDUP(' AZUL 2'!K177,0) -> 0 | L58: =ROUNDUP(' AZUL 2'!L177,0) -> 0 | M58: =ROUNDUP(' AZUL 2'!M177,0) -> 0 | N58: 0
A59: Sal fina x 500 gr | B59: 0 | C59: =ROUNDUP(' AZUL 2'!C178,0) -> 1 | D59: =ROUNDUP(' AZUL 2'!D178,0) -> 0 | E59: =ROUNDUP(' AZUL 2'!E178,0) -> 0 | F59: 0 | G59: 0 | H59: =ROUNDUP(' AZUL 2'!H178,0) -> 0 | I59: =ROUNDUP(' AZUL 2'!I178,0) -> 0 | J59: =ROUNDUP(' AZUL 2'!J178,0) -> 0 | K59: =ROUNDUP(' AZUL 2'!K178,0) -> 0 | L59: =ROUNDUP(' AZUL 2'!L178,0) -> 0 | M59: =ROUNDUP(' AZUL 2'!M178,0) -> 0 | N59: 0
A60: Fideo tirabuzòn x 500 g | B60: 0 | C60: 0 | D60: =ROUNDUP(' AZUL 2'!D179,0) -> 0 | E60: =ROUNDUP(' AZUL 2'!E179,0) -> 0 | F60: =ROUNDUP(' AZUL 2'!F179,0) -> 2 | G60: 0 | H60: =ROUNDUP(' AZUL 2'!H179,0) -> 0 | I60: =ROUNDUP(' AZUL 2'!I179,0) -> 0 | J60: =ROUNDUP(' AZUL 2'!J179,0) -> 0 | K60: =ROUNDUP(' AZUL 2'!K179,0) -> 0 | L60: =ROUNDUP(' AZUL 2'!L179,0) -> 0 | M60: =ROUNDUP(' AZUL 2'!M179,0) -> 0 | N60: 0
A61: Tomate triturado tetrabrik x 500g | B61: =ROUNDUP(' AZUL 2'!B180,0) -> 4 | C61: 0 | D61: =ROUNDUP(' AZUL 2'!D180,0) -> 0 | E61: =ROUNDUP(' AZUL 2'!E180,0) -> 0 | F61: =ROUNDUP(' AZUL 2'!F180,0) -> 2 | G61: 0 | H61: =ROUNDUP(' AZUL 2'!H180,0) -> 0 | I61: =ROUNDUP(' AZUL 2'!I180,0) -> 0 | J61: =ROUNDUP(' AZUL 2'!J180,0) -> 0 | K61: =ROUNDUP(' AZUL 2'!K180,0) -> 0 | L61: =ROUNDUP(' AZUL 2'!L180,0) -> 0 | M61: =ROUNDUP(' AZUL 2'!M180,0) -> 0 | N61: =ROUNDUP(' AZUL 2'!N180,0) -> 1
A62: Pan rallado x kg | B62: 0 | C62: 0 | D62: =ROUNDUP(' AZUL 2'!D181,0) -> 0 | E62: =ROUNDUP(' AZUL 2'!E181,0) -> 0 | F62: =ROUNDUP(' AZUL 2'!F181,0) -> 1 | G62: 0 | H62: =ROUNDUP(' AZUL 2'!H181,0) -> 0 | I62: =ROUNDUP(' AZUL 2'!I181,0) -> 0 | J62: =ROUNDUP(' AZUL 2'!J181,0) -> 0 | K62: =ROUNDUP(' AZUL 2'!K181,0) -> 0 | L62: =ROUNDUP(' AZUL 2'!L181,0) -> 0 | M62: =ROUNDUP(' AZUL 2'!M181,0) -> 0 | N62: =ROUNDUP(' AZUL 2'!N181,0) -> 1
A63: Almidon de maiz x 500 g | B63: 0 | C63: 0 | D63: =ROUNDUP(' AZUL 2'!D182,0) -> 0 | E63: =ROUNDUP(' AZUL 2'!E182,0) -> 0 | F63: =ROUNDUP(' AZUL 2'!F182,0) -> 1 | G63: 0 | H63: =ROUNDUP(' AZUL 2'!H182,0) -> 0 | I63: =ROUNDUP(' AZUL 2'!I182,0) -> 0 | J63: =ROUNDUP(' AZUL 2'!J182,0) -> 0 | K63: =ROUNDUP(' AZUL 2'!K182,0) -> 0 | L63: =ROUNDUP(' AZUL 2'!L182,0) -> 0 | M63: =ROUNDUP(' AZUL 2'!M182,0) -> 0 | N63: 0
A64: Esencia de vainilla x 100 cc | B64: 0 | C64: 0 | D64: =ROUNDUP(' AZUL 2'!D183,0) -> 0 | E64: =ROUNDUP(' AZUL 2'!E183,0) -> 0 | F64: =ROUNDUP(' AZUL 2'!F183,0) -> 0 | G64: 0 | H64: =ROUNDUP(' AZUL 2'!H183,0) -> 0 | I64: =ROUNDUP(' AZUL 2'!I183,0) -> 0 | J64: =ROUNDUP(' AZUL 2'!J183,0) -> 0 | K64: =ROUNDUP(' AZUL 2'!K183,0) -> 0 | L64: =ROUNDUP(' AZUL 2'!L183,0) -> 0 | M64: =ROUNDUP(' AZUL 2'!M183,0) -> 0 | N64: 0
A65: Harina Leudante x kg | B65: 0 | C65: =ROUNDUP(' AZUL 2'!C184,0) -> 6 | D65: =ROUNDUP(' AZUL 2'!D184,0) -> 0 | E65: =ROUNDUP(' AZUL 2'!E184,0) -> 0 | F65: =ROUNDUP(' AZUL 2'!F184,0) -> 1 | G65: 0 | H65: =ROUNDUP(' AZUL 2'!H184,0) -> 0 | I65: =ROUNDUP(' AZUL 2'!I184,0) -> 0 | J65: =ROUNDUP(' AZUL 2'!J184,0) -> 0 | K65: =ROUNDUP(' AZUL 2'!K184,0) -> 0 | L65: =ROUNDUP(' AZUL 2'!L184,0) -> 0 | M65: =ROUNDUP(' AZUL 2'!M184,0) -> 0 | N65: =ROUNDUP(' AZUL 2'!N184,0) -> 1
A66: Harina 000 x kg | B66: =ROUNDUP(' AZUL 2'!B185,0) -> 3 | C66: =ROUNDUP(' AZUL 2'!C185,0) -> 9 | D66: =ROUNDUP(' AZUL 2'!D185,0) -> 0 | E66: =ROUNDUP(' AZUL 2'!E185,0) -> 0 | F66: =ROUNDUP(' AZUL 2'!F185,0) -> 1 | G66: 0 | H66: =ROUNDUP(' AZUL 2'!H185,0) -> 0 | I66: =ROUNDUP(' AZUL 2'!I185,0) -> 0 | J66: =ROUNDUP(' AZUL 2'!J185,0) -> 0 | K66: =ROUNDUP(' AZUL 2'!K185,0) -> 0 | L66: =ROUNDUP(' AZUL 2'!L185,0) -> 0 | M66: =ROUNDUP(' AZUL 2'!M185,0) -> 0 | N66: =ROUNDUP(' AZUL 2'!N185,0) -> 1
A67: Levadura seca x 20 gr | B67: =ROUNDUP(' AZUL 2'!B186,0) -> 1 | C67: =ROUNDUP(' AZUL 2'!C186,0) -> 3 | D67: =ROUNDUP(' AZUL 2'!D186,0) -> 0 | E67: =ROUNDUP(' AZUL 2'!E186,0) -> 0 | F67: =ROUNDUP(' AZUL 2'!F186,0) -> 1 | G67: 0 | H67: =ROUNDUP(' AZUL 2'!H186,0) -> 0 | I67: =ROUNDUP(' AZUL 2'!I186,0) -> 0 | J67: =ROUNDUP(' AZUL 2'!J186,0) -> 0 | K67: =ROUNDUP(' AZUL 2'!K186,0) -> 0 | L67: =ROUNDUP(' AZUL 2'!L186,0) -> 0 | M67: =ROUNDUP(' AZUL 2'!M186,0) -> 0 | N67: =ROUNDUP(' AZUL 2'!N186,0) -> 1
A68: GALLETAS MARINERA SIN SAL X 300 G | G68: 0
A69: LECHE DESLACTOSADA X L
B72: EP 62 | C72: EP 64 | D72: EP 65 | E72: EP 66 | F72: Ins. San | G72: EES 7 | H72: EES 8 | I72: EES 9 | J72: EES 9 | K72: EES 10 | L72: EES 11 | M72: EES 11 | N72: EES 12
F73: PRIM | I73: EP 7 | J73: EP 36 | L73: EP 18 | M73: EP 14 | N73: EP 27
B74: 167 | C74: 148 | D74: 7 | E74: 178 | F74: 108 | G74: 35 | H74: 149 | I74: 99 | J74: 33 | K74: 150 | L74: 123 | M74: 78 | N74: 170
B75: 60 | C75: 100 | D75: 0 | E75: 89 | F75: 0 | G75: 0 | H75: 149 | I75: 0 | J75: 0 | K75: 95 | L75: 0 | M75: 0 | N75: 70
A76: Leche fluida x litro | B76: 50 | C76: =ROUNDUP(' AZUL 2'!C194,0) -> 102 | D76: =ROUNDUP(' AZUL 2'!D194,0) -> 5 | E76: 0 | F76: 0 | G76: 0 | H76: =ROUNDUP(' AZUL 2'!H194,0) -> 109 | I76: =ROUNDUP(' AZUL 2'!I194,0) -> 60 | J76: =ROUNDUP(' AZUL 2'!J194,0) -> 20 | K76: 0 | L76: 0 | M76: 0 | N76: 0
A77: Azucar kg | B77: =ROUNDUP(' AZUL 2'!B195,0) -> 3 | C77: =ROUNDUP(' AZUL 2'!C195,0) -> 3 | D77: 0 | E77: =ROUNDUP(' AZUL 2'!E195,0) -> 4 | F77: =ROUNDUP(' AZUL 2'!F195,0) -> 2 | G77: 0 | H77: =ROUNDUP(' AZUL 2'!H195,0) -> 4 | I77: =ROUNDUP(' AZUL 2'!I195,0) -> 2 | J77: =ROUNDUP(' AZUL 2'!J195,0) -> 1 | K77: =ROUNDUP(' AZUL 2'!K195,0) -> 3 | L77: =ROUNDUP(' AZUL 2'!L195,0) -> 2 | M77: =ROUNDUP(' AZUL 2'!M195,0) -> 2 | N77: =ROUNDUP(' AZUL 2'!N195,0) -> 4
A78: Té en saquito x 25 u | B78: 0 | C78: 0 | D78: 0 | E78: 0 | F78: 0 | G78: 0 | H78: 0 | I78: =ROUNDUP(' AZUL 2'!I196,0) -> 6 | J78: =ROUNDUP(' AZUL 2'!J196,0) -> 2 | K78: 0 | L78: 0 | M78: 0 | N78: =ROUNDUP(' AZUL 2'!N196,0) -> 11
A79: Cacao en polvo x 360 g | B79: =ROUNDUP(' AZUL 2'!B197,0) -> 10 | C79: =ROUNDUP(' AZUL 2'!C197,0) -> 9 | D79: =ROUNDUP(' AZUL 2'!D197,0) -> 1 | E79: 0 | F79: 0 | G79: 0 | H79: 0 | I79: =ROUNDUP(' AZUL 2'!I197,0) -> 6 | J79: =ROUNDUP(' AZUL 2'!J197,0) -> 2 | K79: =ROUNDUP(' AZUL 2'!K197,0) -> 9 | L79: 0 | M79: 0 | N79: 0
A80: Dulce de leche por 400 gr | B80: =ROUNDUP(' AZUL 2'!B198,0) -> 13 | C80: =ROUNDUP(' AZUL 2'!C198,0) -> 12 | D80: 0 | E80: =ROUNDUP(' AZUL 2'!E198,0) -> 14 | F80: 0 | G80: 0 | H80: 0 | I80: =ROUNDUP(' AZUL 2'!I198,0) -> 8 | J80: =ROUNDUP(' AZUL 2'!J198,0) -> 3 | K80: =ROUNDUP(' AZUL 2'!K198,0) -> 12 | L80: =ROUNDUP(' AZUL 2'!L198,0) -> 10 | M80: 0 | N80: 0
A81: Dulce de batata x kg | B81: 0 | C81: =ROUNDUP(' AZUL 2'!C199,0) -> 3 | D81: 0 | E81: 0 | F81: 0 | G81: 0 | H81: =ROUNDUP(' AZUL 2'!H199,0) -> 3 | I81: =ROUNDUP(' AZUL 2'!I199,0) -> 2 | J81: =ROUNDUP(' AZUL 2'!J199,0) -> 1 | K81: 0 | L81: =ROUNDUP(' AZUL 2'!L199,0) -> 3 | M81: =ROUNDUP(' AZUL 2'!M199,0) -> 2 | N81: 0
A82: Queso cuartirolo cx kg | B82: =ROUNDUP(' AZUL 2'!B200,0) -> 3 | C82: =ROUNDUP(' AZUL 2'!C200,0) -> 5 | D82: =ROUNDUP(' AZUL 2'!D200,0) -> 0 | E82: =ROUNDUP(' AZUL 2'!E200,0) -> 5 | F82: 0 | G82: 0 | H82: =ROUNDUP(' AZUL 2'!H200,0) -> 8 | I82: =ROUNDUP(' AZUL 2'!I200,0) -> 0 | J82: =ROUNDUP(' AZUL 2'!J200,0) -> 0 | K82: =ROUNDUP(' AZUL 2'!K200,0) -> 5 | L82: =ROUNDUP(' AZUL 2'!L200,0) -> 0 | M82: =ROUNDUP(' AZUL 2'!M200,0) -> 0 | N82: =ROUNDUP(' AZUL 2'!N200,0) -> 4
A83: Aceite girasol por 900 cc | B83: 0 | C83: 0 | D83: =ROUNDUP(' AZUL 2'!D201,0) -> 0 | E83: =ROUNDUP(' AZUL 2'!E201,0) -> 3 | F83: 0 | G83: =ROUNDUP(' AZUL 2'!G201,0) -> 0 | H83: 0 | I83: =ROUNDUP(' AZUL 2'!I201,0) -> 0 | J83: =ROUNDUP(' AZUL 2'!J201,0) -> 0 | K83: 0 | L83: =ROUNDUP(' AZUL 2'!L201,0) -> 0 | M83: =ROUNDUP(' AZUL 2'!M201,0) -> 0 | N83: 0
A84: Arroz 00000 por kg | B84: 0 | C84: 0 | D84: =ROUNDUP(' AZUL 2'!D202,0) -> 0 | E84: =ROUNDUP(' AZUL 2'!E202,0) -> 8 | F84: =ROUNDUP(' AZUL 2'!F202,0) -> 0 | G84: =ROUNDUP(' AZUL 2'!G202,0) -> 0 | H84: 0 | I84: =ROUNDUP(' AZUL 2'!I202,0) -> 0 | J84: =ROUNDUP(' AZUL 2'!J202,0) -> 0 | K84: 0 | L84: =ROUNDUP(' AZUL 2'!L202,0) -> 0 | M84: =ROUNDUP(' AZUL 2'!M202,0) -> 0 | N84: 0
A85: Arvejas x 340 gr Tetra Brik | B85: =ROUNDUP(' AZUL 2'!B203,0) -> 0 | C85: 0 | D85: =ROUNDUP(' AZUL 2'!D203,0) -> 0 | E85: =ROUNDUP(' AZUL 2'!E203,0) -> 0 | F85: =ROUNDUP(' AZUL 2'!F203,0) -> 0 | G85: =ROUNDUP(' AZUL 2'!G203,0) -> 0 | H85: 0 | I85: =ROUNDUP(' AZUL 2'!I203,0) -> 0 | J85: =ROUNDUP(' AZUL 2'!J203,0) -> 0 | K85: =ROUNDUP(' AZUL 2'!K203,0) -> 0 | L85: =ROUNDUP(' AZUL 2'!L203,0) -> 0 | M85: =ROUNDUP(' AZUL 2'!M203,0) -> 0 | N85: 0
A86: Lentejas remojadas x 350 gr | B86: =ROUNDUP(' AZUL 2'!B204,0) -> 7 | C86: 0 | D86: =ROUNDUP(' AZUL 2'!D204,0) -> 0 | E86: =ROUNDUP(' AZUL 2'!E204,0) -> 11 | F86: =ROUNDUP(' AZUL 2'!F204,0) -> 0 | G86: =ROUNDUP(' AZUL 2'!G204,0) -> 0 | H86: 0 | I86: =ROUNDUP(' AZUL 2'!I204,0) -> 0 | J86: =ROUNDUP(' AZUL 2'!J204,0) -> 0 | K86: =ROUNDUP(' AZUL 2'!K204,0) -> 11 | L86: =ROUNDUP(' AZUL 2'!L204,0) -> 0 | M86: =ROUNDUP(' AZUL 2'!M204,0) -> 0 | N86: =ROUNDUP(' AZUL 2'!N204,0) -> 8
A87: Pimenton x 25 gr | B87: =ROUNDUP(' AZUL 2'!B205,0) -> 0 | C87: =ROUNDUP(' AZUL 2'!C205,0) -> 0 | D87: =ROUNDUP(' AZUL 2'!D205,0) -> 0 | E87: =ROUNDUP(' AZUL 2'!E205,0) -> 0 | F87: =ROUNDUP(' AZUL 2'!F205,0) -> 0 | G87: =ROUNDUP(' AZUL 2'!G205,0) -> 0 | H87: =ROUNDUP(' AZUL 2'!H205,0) -> 0 | I87: =ROUNDUP(' AZUL 2'!I205,0) -> 0 | ... N87: =ROUNDUP(' AZUL 2'!N205,0) -> 0
A88: Oregano x 25 gr | B88: =ROUNDUP(' AZUL 2'!B206,0) -> 0 | C88: =ROUNDUP(' AZUL 2'!C206,0) -> 0 | D88: =ROUNDUP(' AZUL 2'!D206,0) -> 0 | E88: =ROUNDUP(' AZUL 2'!E206,0) -> 0 | F88: =ROUNDUP(' AZUL 2'!F206,0) -> 0 | G88: =ROUNDUP(' AZUL 2'!G206,0) -> 0 | H88: =ROUNDUP(' AZUL 2'!H206,0) -> 0 | I88: =ROUNDUP(' AZUL 2'!I206,0) -> 0 | ... N88: =ROUNDUP(' AZUL 2'!N206,0) -> 0
A89: Condimento para pizza x 25 gr | B89: =ROUNDUP(' AZUL 2'!B207,0) -> 4 | C89: =ROUNDUP(' AZUL 2'!C207,0) -> 6 | D89: =ROUNDUP(' AZUL 2'!D207,0) -> 0 | E89: =ROUNDUP(' AZUL 2'!E207,0) -> 6 | F89: =ROUNDUP(' AZUL 2'!F207,0) -> 0 | G89: =ROUNDUP(' AZUL 2'!G207,0) -> 0 | H89: =ROUNDUP(' AZUL 2'!H207,0) -> 9 | I89: =ROUNDUP(' AZUL 2'!I207,0) -> 0 | ... N89: =ROUNDUP(' AZUL 2'!N207,0) -> 5
A90: Sal fina x 500 gr | B90: =ROUNDUP(' AZUL 2'!B208,0) -> 1 | C90: =ROUNDUP(' AZUL 2'!C208,0) -> 1 | D90: =ROUNDUP(' AZUL 2'!D208,0) -> 0 | E90: =ROUNDUP(' AZUL 2'!E208,0) -> 1 | F90: =ROUNDUP(' AZUL 2'!F208,0) -> 0 | G90: =ROUNDUP(' AZUL 2'!G208,0) -> 0 | H90: =ROUNDUP(' AZUL 2'!H208,0) -> 1 | I90: =ROUNDUP(' AZUL 2'!I208,0) -> 0 | ... N90: =ROUNDUP(' AZUL 2'!N208,0) -> 1
A91: Fideo tirabuzòn x 500 g | B91: 0 | C91: =ROUNDUP(' AZUL 2'!C209,0) -> 14 | D91: =ROUNDUP(' AZUL 2'!D209,0) -> 0 | E91: =ROUNDUP(' AZUL 2'!E209,0) -> 13 | F91: =ROUNDUP(' AZUL 2'!F209,0) -> 0 | G91: =ROUNDUP(' AZUL 2'!G209,0) -> 0 | H91: =ROUNDUP(' AZUL 2'!H209,0) -> 21 | I91: =ROUNDUP(' AZUL 2'!I209,0) -> 0 | J91: =ROUNDUP(' AZUL 2'!J209,0) -> 0 | K91: 0 | L91: =ROUNDUP(' AZUL 2'!L209,0) -> 0 | M91: =ROUNDUP(' AZUL 2'!M209,0) -> 0 | N91: 0
A92: Tomate triturado tetrabrik x 500g | B92: =ROUNDUP(' AZUL 2'!B210,0) -> 6 | C92: 7 | D92: =ROUNDUP(' AZUL 2'!D210,0) -> 0 | E92: =ROUNDUP(' AZUL 2'!E210,0) -> 9 | F92: =ROUNDUP(' AZUL 2'!F210,0) -> 0 | G92: =ROUNDUP(' AZUL 2'!G210,0) -> 0 | H92: =ROUNDUP(' AZUL 2'!H210,0) -> 14 | I92: =ROUNDUP(' AZUL 2'!I210,0) -> 0 | J92: =ROUNDUP(' AZUL 2'!J210,0) -> 0 | K92: =ROUNDUP(' AZUL 2'!K210,0) -> 9 | ... N92: =ROUNDUP(' AZUL 2'!N210,0) -> 7
A93: Pan rallado x kg | B93: 0 | C93: 0 | D93: =ROUNDUP(' AZUL 2'!D211,0) -> 0 | E93: =ROUNDUP(' AZUL 2'!E211,0) -> 4 | F93: =ROUNDUP(' AZUL 2'!F211,0) -> 0 | G93: =ROUNDUP(' AZUL 2'!G211,0) -> 0 | H93: =ROUNDUP(' AZUL 2'!H211,0) -> 6 | I93: =ROUNDUP(' AZUL 2'!I211,0) -> 0 | J93: =ROUNDUP(' AZUL 2'!J211,0) -> 0 | K93: =ROUNDUP(' AZUL 2'!K211,0) -> 4 | ... M93: =ROUNDUP(' AZUL 2'!M211,0) -> 0 | N93: 0
A94: Almidon de maiz x 500 g | B94: 0 | C94: 0 | D94: =ROUNDUP(' AZUL 2'!D212,0) -> 0 | E94: =ROUNDUP(' AZUL 2'!E212,0) -> 1 | F94: =ROUNDUP(' AZUL 2'!F212,0) -> 0 | G94: =ROUNDUP(' AZUL 2'!G212,0) -> 0 | H94: 0 | I94: =ROUNDUP(' AZUL 2'!I212,0) -> 0 | J94: =ROUNDUP(' AZUL 2'!J212,0) -> 0 | K94: 0 | L94: =ROUNDUP(' AZUL 2'!L212,0) -> 0 | M94: =ROUNDUP(' AZUL 2'!M212,0) -> 0 | N94: 0
A95: Esencia de vainilla x 100 cc | B95: =ROUNDUP(' AZUL 2'!B213,0) -> 0 | C95: =ROUNDUP(' AZUL 2'!C213,0) -> 0 | D95: =ROUNDUP(' AZUL 2'!D213,0) -> 0 | E95: =ROUNDUP(' AZUL 2'!E213,0) -> 0 | F95: =ROUNDUP(' AZUL 2'!F213,0) -> 0 | G95: =ROUNDUP(' AZUL 2'!G213,0) -> 0 | H95: 0 | I95: =ROUNDUP(' AZUL 2'!I213,0) -> 0 | J95: =ROUNDUP(' AZUL 2'!J213,0) -> 0 | K95: 0 | L95: =ROUNDUP(' AZUL 2'!L213,0) -> 0 | M95: =ROUNDUP(' AZUL 2'!M213,0) -> 0 | N95: =ROUNDUP(' AZUL 2'!N213,0) -> 0
A96: Harina Leudante x kg | B96: =ROUNDUP(' AZUL 2'!B214,0) -> 3 | C96: 0 | D96: =ROUNDUP(' AZUL 2'!D214,0) -> 0 | E96: =ROUNDUP(' AZUL 2'!E214,0) -> 5 | F96: =ROUNDUP(' AZUL 2'!F214,0) -> 0 | G96: =ROUNDUP(' AZUL 2'!G214,0) -> 0 | H96: 0 | I96: =ROUNDUP(' AZUL 2'!I214,0) -> 0 | J96: =ROUNDUP(' AZUL 2'!J214,0) -> 0 | K96: =ROUNDUP(' AZUL 2'!K214,0) -> 5 | L96: =ROUNDUP(' AZUL 2'!L214,0) -> 0 | M96: =ROUNDUP(' AZUL 2'!M214,0) -> 0 | N96: =ROUNDUP(' AZUL 2'!N214,0) -> 4
A97: Harina 000 x kg | B97: 0 | C97: =ROUNDUP(' AZUL 2'!C215,0) -> 8 | D97: =ROUNDUP(' AZUL 2'!D215,0) -> 0 | E97: =ROUNDUP(' AZUL 2'!E215,0) -> 7 | F97: =ROUNDUP(' AZUL 2'!F215,0) -> 0 | G97: =ROUNDUP(' AZUL 2'!G215,0) -> 0 | H97: =ROUNDUP(' AZUL 2'!H215,0) -> 12 | I97: =ROUNDUP(' AZUL 2'!I215,0) -> 0 | J97: =ROUNDUP(' AZUL 2'!J215,0) -> 0 | ... N97: =ROUNDUP(' AZUL 2'!N215,0) -> 6
A98: Levadura seca x 20 gr | B98: 0 | C98: =ROUNDUP(' AZUL 2'!C216,0) -> 2 | D98: =ROUNDUP(' AZUL 2'!D216,0) -> 0 | E98: =ROUNDUP(' AZUL 2'!E216,0) -> 2 | F98: =ROUNDUP(' AZUL 2'!F216,0) -> 0 | G98: =ROUNDUP(' AZUL 2'!G216,0) -> 0 | H98: =ROUNDUP(' AZUL 2'!H216,0) -> 3 | I98: =ROUNDUP(' AZUL 2'!I216,0) -> 0 | J98: =ROUNDUP(' AZUL 2'!J216,0) -> 0 | ... N98: =ROUNDUP(' AZUL 2'!N216,0) -> 2
A99: GALLETAS MARINERA SIN SAL X 300 G
A100: LECHE DESLACTOSADA X L | N100: 1
B103: EES 12 | C103: EEST 1 | D103: EEST 2 | E103: SAN FCO | F103: CEPT 31 | G103: CFI 1 | H103: 502 | I103: 503 | J103: 504 | K103: 505 | L103: VIVENCIAS | M103: CADRAL | N103: CEC 802
B104: EP 26 | E104: SEC
B105: 68 | C105: 566 | D105: 850 | E105: 121 | F105: 100 | G105: 108 | H105: 124 | I105: 46 | J105: 50 | K105: 104 | L105: 60 | M105: 42 | N105: 103
B106: 68 | C106: 160 | D106: 0 | E106: 0 | F106: 100 | G106: 54 | H106: 62 | I106: 23 | J106: 25 | K106: 52 | L106: 30 | M106: 19 | N106: 103
A107: Leche fluida x litro | B107: 0 | C107: 0 | D107: 110 | E107: 0 | F107: =ROUNDUP(' AZUL 2'!F224,0) -> 73 | G107: =ROUNDUP(' AZUL 2'!G224,0) -> 72 | H107: 75 | I107: =ROUNDUP(' AZUL 2'!I224,0) -> 31 | J107: =ROUNDUP(' AZUL 2'!J224,0) -> 34 | K107: =ROUNDUP(' AZUL 2'!K224,0) -> 69 | L107: 0 | M107: 0 | N107: 0
A108: Azucar kg | B108: =ROUNDUP(' AZUL 2'!B225,0) -> 2 | C108: =ROUNDUP(' AZUL 2'!C225,0) -> 10 | D108: 5 | E108: =ROUNDUP(' AZUL 2'!E225,0) -> 2 | F108: =ROUNDUP(' AZUL 2'!F225,0) -> 3 | G108: =ROUNDUP(' AZUL 2'!G225,0) -> 2 | H108: =ROUNDUP(' AZUL 2'!H225,0) -> 3 | I108: =ROUNDUP(' AZUL 2'!I225,0) -> 1 | J108: =ROUNDUP(' AZUL 2'!J225,0) -> 1 | K108: =ROUNDUP(' AZUL 2'!K225,0) -> 2 | L108: =ROUNDUP(' AZUL 2'!L225,0) -> 2 | ... N108: =ROUNDUP(' AZUL 2'!N225,0) -> 3
A109: Té en saquito x 25 u | B109: 0 | C109: 0 | D109: 10 | E109: 0 | F109: 0 | G109: =ROUNDUP(' AZUL 2'!G226,0) -> 7 | H109: =ROUNDUP(' AZUL 2'!H226,0) -> 8 | I109: 0 | J109: =ROUNDUP(' AZUL 2'!J226,0) -> 3 | K109: 0 | L109: 0 | M109: 0 | N109: =ROUNDUP(' AZUL 2'!N226,0) -> 7
A110: Cacao en polvo x 360 g | B110: =ROUNDUP(' AZUL 2'!B227,0) -> 4 | C110: 0 | D110: 40 | E110: 0 | F110: 0 | G110: =ROUNDUP(' AZUL 2'!G227,0) -> 6 | H110: =ROUNDUP(' AZUL 2'!H227,0) -> 7 | I110: 0 | J110: =ROUNDUP(' AZUL 2'!J227,0) -> 3 | K110: =ROUNDUP(' AZUL 2'!K227,0) -> 6 | L110: 0 | M110: 0 | N110: =ROUNDUP(' AZUL 2'!N227,0) -> 6
A111: Dulce de leche por 400 gr | B111: =ROUNDUP(' AZUL 2'!B228,0) -> 6 | C111: 0 | D111: 100 | E111: 0 | F111: =ROUNDUP(' AZUL 2'!F228,0) -> 8 | G111: =ROUNDUP(' AZUL 2'!G228,0) -> 9 | H111: =ROUNDUP(' AZUL 2'!H228,0) -> 10 | I111: 0 | J111: =ROUNDUP(' AZUL 2'!J228,0) -> 4 | K111: 0 | L111: 0 | M111: 0 | N111: =ROUNDUP(' AZUL 2'!N228,0) -> 8
A112: Dulce de batata x kg | B112: 0 | C112: 0 | D112: 15 | E112: 0 | F112: =ROUNDUP(' AZUL 2'!F229,0) -> 2 | G112: =ROUNDUP(' AZUL 2'!G229,0) -> 3 | H112: =ROUNDUP(' AZUL 2'!H229,0) -> 3 | I112: =ROUNDUP(' AZUL 2'!I229,0) -> 1 | J112: =ROUNDUP(' AZUL 2'!J229,0) -> 1 | K112: 0 | L112: 0 | M112: 0 | N112: =ROUNDUP(' AZUL 2'!N229,0) -> 3
...

Sheet OC CAR y PAN AZUL 2
A6: AZUL PERIODO REGULAR 2026
A7: ORDEN DE COMPRA
A8: FECHA:
A11: CARNE-
A12: PROVEEDOR ALVAREZ (LA SOÑADA) y FURIO 1° RENGLON -
B14: EP 1 | C14: EP 7 | D14: EP 9 | E14: EP 13 | F14: EP 14 | G14: EP 16 | H14: EP 17 | I14: EP 18 | J14: EP 19 | K14: EP 21 | L14: EP 22 | M14: EP24 JIR7 | N14: EP25 JIR 4
B15: 94 | C15: 101 | D15: 6 | E15: 164 | F15: 90 | G15: 28 | H15: 27 | I15: 71 | J15: 148 | K15: 86 | L15: 92 | M15: 13 | N15: 22
B16: 47 | C16: 0 | D16: 3 | E16: 82 | F16: 0 | G16: 14 | H16: 0 | I16: 0 | J16: 87 | K16: 43 | L16: 56 | M16: 0 | N16: 10
A17: PULPA DE CERDO fileteada por Kg. | B17: =ROUNDUP(' AZUL 2'!B286,0) -> 5 | C17: =ROUNDUP(' AZUL 2'!C286,0) -> 0 | D17: =ROUNDUP(' AZUL 2'!D286,0) -> 1 | E17: =ROUNDUP(' AZUL 2'!E286,0) -> 9 | F17: =ROUNDUP(' AZUL 2'!F286,0) -> 0 | G17: =ROUNDUP(' AZUL 2'!G286,0) -> 2 | H17: =ROUNDUP(' AZUL 2'!H286,0) -> 0 | I17: =ROUNDUP(' AZUL 2'!I286,0) -> 0 | ... N17: =ROUNDUP(' AZUL 2'!N286,0) -> 1
A18: POLLO por Kg. | B18: =ROUNDUP(' AZUL 2'!B287,0) -> 7 | C18: =ROUNDUP(' AZUL 2'!C287,0) -> 0 | D18: =ROUNDUP(' AZUL 2'!D287,0) -> 1 | E18: =ROUNDUP(' AZUL 2'!E287,0) -> 12 | F18: =ROUNDUP(' AZUL 2'!F287,0) -> 0 | G18: 3 | H18: =ROUNDUP(' AZUL 2'!H287,0) -> 0 | I18: =ROUNDUP(' AZUL 2'!I287,0) -> 0 | J18: =ROUNDUP(' AZUL 2'!J287,0) -> 12 | K18: =ROUNDUP(' AZUL 2'!K287,0) -> 6 | L18: =ROUNDUP(' AZUL 2'!L287,0) -> 8 | M18: =ROUNDUP(' AZUL 2'!M287,0) -> 0 | N18: =ROUNDUP(' AZUL 2'!N287,0) -> 2
A19: NALGA CERDO fileteada para milanesa por Kg. | B19: =ROUNDUP(' AZUL 2'!B288,0) -> 5 | C19: =ROUNDUP(' AZUL 2'!C288,0) -> 0 | D19: =ROUNDUP(' AZUL 2'!D288,0) -> 1 | E19: =ROUNDUP(' AZUL 2'!E288,0) -> 9 | F19: =ROUNDUP(' AZUL 2'!F288,0) -> 0 | G19: =ROUNDUP(' AZUL 2'!G288,0) -> 2 | H19: =ROUNDUP(' AZUL 2'!H288,0) -> 0 | I19: =ROUNDUP(' AZUL 2'!I288,0) -> 0 | ... N19: =ROUNDUP(' AZUL 2'!N288,0) -> 1
B21: EP 26 | C21: EP 27 | D21: EP 33 | E21: EP36 JIR2 | F21: EP 37 | G21: EP38 JIR15 | H21: EP39 JIR10 | I21: EP 41 | J21: EP 43 | K21: EP50 JIR 13 | L21: EP 53 | M21: EP 55 | N21: EP57 JIR 11
B22: 49 | C22: 230 | D22: 19 | E22: 38 | F22: 26 | G22: 5 | H22: 5 | I22: 8 | J22: 8 | K22: 7 | L22: 10 | M22: 17 | N22: 9
B23: 40 | C23: 115 | D23: 0 | E23: 0 | F23: 13 | G23: 1 | H23: 0 | I23: 0 | J23: 0 | K23: 0 | L23: 0 | M23: 0 | N23: 3
A24: PULPA DE CERDO fileteada por Kg. | B24: =ROUNDUP(' AZUL 2'!B293,0) -> 4 | C24: =ROUNDUP(' AZUL 2'!C293,0) -> 12 | D24: =ROUNDUP(' AZUL 2'!D293,0) -> 0 | E24: =ROUNDUP(' AZUL 2'!E293,0) -> 0 | F24: =ROUNDUP(' AZUL 2'!F293,0) -> 2 | G24: 0 | H24: =ROUNDUP(' AZUL 2'!H293,0) -> 0 | I24: =ROUNDUP(' AZUL 2'!I293,0) -> 0 | J24: =ROUNDUP(' AZUL 2'!J293,0) -> 0 | K24: =ROUNDUP(' AZUL 2'!K293,0) -> 0 | L24: =ROUNDUP(' AZUL 2'!L293,0) -> 0 | M24: =ROUNDUP(' AZUL 2'!M293,0) -> 0 | N24: =ROUNDUP(' AZUL 2'!N293,0) -> 1
A25: POLLO por Kg. | B25: =ROUNDUP(' AZUL 2'!B294,0) -> 6 | C25: =ROUNDUP(' AZUL 2'!C294,0) -> 16 | D25: =ROUNDUP(' AZUL 2'!D294,0) -> 0 | E25: =ROUNDUP(' AZUL 2'!E294,0) -> 0 | F25: =ROUNDUP(' AZUL 2'!F294,0) -> 2 | G25: 0 | H25: =ROUNDUP(' AZUL 2'!H294,0) -> 0 | I25: =ROUNDUP(' AZUL 2'!I294,0) -> 0 | J25: =ROUNDUP(' AZUL 2'!J294,0) -> 0 | K25: =ROUNDUP(' AZUL 2'!K294,0) -> 0 | L25: =ROUNDUP(' AZUL 2'!L294,0) -> 0 | M25: =ROUNDUP(' AZUL 2'!M294,0) -> 0 | N25: =ROUNDUP(' AZUL 2'!N294,0) -> 1
A26: NALGA CERDO fileteada para milanesa por Kg. | B26: =ROUNDUP(' AZUL 2'!B295,0) -> 4 | C26: =ROUNDUP(' AZUL 2'!C295,0) -> 12 | D26: =ROUNDUP(' AZUL 2'!D295,0) -> 0 | E26: =ROUNDUP(' AZUL 2'!E295,0) -> 0 | F26: =ROUNDUP(' AZUL 2'!F295,0) -> 2 | G26: 0 | H26: =ROUNDUP(' AZUL 2'!H295,0) -> 0 | I26: =ROUNDUP(' AZUL 2'!I295,0) -> 0 | J26: =ROUNDUP(' AZUL 2'!J295,0) -> 0 | K26: =ROUNDUP(' AZUL 2'!K295,0) -> 0 | L26: =ROUNDUP(' AZUL 2'!L295,0) -> 0 | M26: =ROUNDUP(' AZUL 2'!M295,0) -> 0 | N26: =ROUNDUP(' AZUL 2'!N295,0) -> 1
B28: EP 62 | C28: EP 64 | D28: EP 65 | E28: EP 66 | F28: Ins. San | G28: EES 7 | H28: EES 8 | I28: EES 9 | J28: EES 9 | K28: EES 10 | L28: EES 11 | M28: EES 11 | N28: EES 12
F29: PRIM | I29: EP 7 | J29: EP 36 | L29: EP 18 | M29: EP 14 | N29: EP 27
B30: 167 | C30: 148 | D30: 7 | E30: 178 | F30: 108 | G30: 35 | H30: 149 | I30: 99 | J30: 33 | K30: 150 | L30: 123 | M30: 78 | N30: 170
B31: 60 | C31: 100 | D31: 0 | E31: 89 | F31: 0 | G31: 0 | H31: 149 | I31: 0 | J31: 0 | K31: 95 | L31: 0 | M31: 0 | N31: 70
A32: PULPA DE CERDO fileteada por Kg. | B32: =ROUNDUP(' AZUL 2'!B301,0) -> 6 | C32: =ROUNDUP(' AZUL 2'!C301,0) -> 10 | D32: =ROUNDUP(' AZUL 2'!D301,0) -> 0 | E32: =ROUNDUP(' AZUL 2'!E301,0) -> 9 | F32: =ROUNDUP(' AZUL 2'!F301,0) -> 0 | G32: =ROUNDUP(' AZUL 2'!G301,0) -> 0 | H32: =ROUNDUP(' AZUL 2'!H301,0) -> 15 | I32: =ROUNDUP(' AZUL 2'!I301,0) -> 0 | ... N32: =ROUNDUP(' AZUL 2'!N301,0) -> 7
A33: POLLO por Kg. | B33: 7 | C33: =ROUNDUP(' AZUL 2'!C302,0) -> 14 | D33: =ROUNDUP(' AZUL 2'!D302,0) -> 0 | E33: =ROUNDUP(' AZUL 2'!E302,0) -> 12 | F33: =ROUNDUP(' AZUL 2'!F302,0) -> 0 | G33: =ROUNDUP(' AZUL 2'!G302,0) -> 0 | H33: =ROUNDUP(' AZUL 2'!H302,0) -> 21 | I33: =ROUNDUP(' AZUL 2'!I302,0) -> 0 | J33: =ROUNDUP(' AZUL 2'!J302,0) -> 0 | ... N33: =ROUNDUP(' AZUL 2'!N302,0) -> 10
A34: NALGA CERDO fileteada para milanesa por Kg. | B34: =ROUNDUP(' AZUL 2'!B303,0) -> 6 | C34: =ROUNDUP(' AZUL 2'!C303,0) -> 10 | D34: =ROUNDUP(' AZUL 2'!D303,0) -> 0 | E34: =ROUNDUP(' AZUL 2'!E303,0) -> 9 | F34: =ROUNDUP(' AZUL 2'!F303,0) -> 0 | G34: =ROUNDUP(' AZUL 2'!G303,0) -> 0 | H34: =ROUNDUP(' AZUL 2'!H303,0) -> 15 | I34: =ROUNDUP(' AZUL 2'!I303,0) -> 0 | ... N34: =ROUNDUP(' AZUL 2'!N303,0) -> 7
B36: EES 12 | C36: EEST 1 | D36: EEST 2 | E36: SAN FCO | F36: CEPT 31 | G36: CFI 1 | H36: 502 | I36: 503 | J36: 504 | K36: 505 | L36: VIVENCIAS | M36: CADRAL | N36: CEC 802
B37: EP 26 | E37: SEC
B38: 68 | C38: 566 | D38: 850 | E38: 121 | F38: 100 | G38: 108 | H38: 124 | I38: 46 | J38: 50 | K38: 104 | L38: 60 | M38: 42 | N38: 103
B39: 68 | C39: 160 | D39: 0 | E39: 0 | F39: 100 | G39: 54 | H39: 62 | I39: 23 | J39: 25 | K39: 52 | L39: 30 | M39: 19 | N39: 103
A40: PULPA DE CERDO fileteada por Kg. | B40: =ROUNDUP(' AZUL 2'!B309,0) -> 7 | C40: =ROUNDUP(' AZUL 2'!C309,0) -> 16 | D40: =ROUNDUP(' AZUL 2'!D309,0) -> 0 | E40: =ROUNDUP(' AZUL 2'!E309,0) -> 0 | F40: =ROUNDUP(' AZUL 2'!F309,0) -> 10 | G40: =ROUNDUP(' AZUL 2'!G309,0) -> 6 | H40: =ROUNDUP(' AZUL 2'!H309,0) -> 7 | I40: =ROUNDUP(' AZUL 2'!I309,0) -> 3 | ... N40: =ROUNDUP(' AZUL 2'!N309,0) -> 11
A41: POLLO por Kg. | B41: =ROUNDUP(' AZUL 2'!B310,0) -> 10 | C41: =ROUNDUP(' AZUL 2'!C310,0) -> 22 | D41: =ROUNDUP(' AZUL 2'!D310,0) -> 0 | E41: =ROUNDUP(' AZUL 2'!E310,0) -> 0 | F41: =ROUNDUP(' AZUL 2'!F310,0) -> 14 | G41: =ROUNDUP(' AZUL 2'!G310,0) -> 8 | H41: =ROUNDUP(' AZUL 2'!H310,0) -> 9 | I41: =ROUNDUP(' AZUL 2'!I310,0) -> 4 | ... N41: =ROUNDUP(' AZUL 2'!N310,0) -> 14
A42: NALGA CERDO fileteada para milanesa por Kg. | B42: =ROUNDUP(' AZUL 2'!B311,0) -> 7 | C42: =ROUNDUP(' AZUL 2'!C311,0) -> 16 | D42: =ROUNDUP(' AZUL 2'!D311,0) -> 0 | E42: =ROUNDUP(' AZUL 2'!E311,0) -> 0 | F42: =ROUNDUP(' AZUL 2'!F311,0) -> 10 | G42: =ROUNDUP(' AZUL 2'!G311,0) -> 6 | H42: =ROUNDUP(' AZUL 2'!H311,0) -> 7 | I42: =ROUNDUP(' AZUL 2'!I311,0) -> 3 | ... N42: =ROUNDUP(' AZUL 2'!N311,0) -> 11
B44: JI 901 | C44: JI 902 | D44: JI 905 | E44: JI 906 | F44: JI 907 | G44: JI 908 | H44: JI 909 | I44: JI 910 | J44: JI 912 | K44: JI 913 | L44: JI 914 | M44: JI 915 | N44: JI 916 | O44: JI 917 | P44: JI 918 | Q44: JI 919
B45: 160 | C45: 80 | D45: 156 | E45: 97 | F45: 2 | G45: 78 | H45: 69 | I45: 61 | J45: 131 | K45: 75 | L45: 66 | M45: 80 | N45: 71 | O45: 69 | P45: 42 | Q45: 70
B46: 0 | C46: 0 | D46: 0 | E46: 0 | F46: 0 | G46: 0 | H46: 0 | I46: 0 | J46: 40 | K46: 0 | L46: 0 | M46: 0 | N46: 0 | O46: 0 | P46: 0 | Q46: 0
A47: PULPA DE CERDO fileteada por Kg. | B47: =ROUNDUP(' AZUL 2'!B316,0) -> 0 | C47: =ROUNDUP(' AZUL 2'!C316,0) -> 0 | D47: =ROUNDUP(' AZUL 2'!D316,0) -> 0 | E47: =ROUNDUP(' AZUL 2'!E316,0) -> 0 | F47: =ROUNDUP(' AZUL 2'!F316,0) -> 0 | G47: =ROUNDUP(' AZUL 2'!G316,0) -> 0 | H47: =ROUNDUP(' AZUL 2'!H316,0) -> 0 | I47: =ROUNDUP(' AZUL 2'!I316,0) -> 0 | ... Q47: =ROUNDUP(' AZUL 2'!Q316,0) -> 0
A48: POLLO por Kg. | B48: =ROUNDUP(' AZUL 2'!B317,0) -> 0 | C48: =ROUNDUP(' AZUL 2'!C317,0) -> 0 | D48: =ROUNDUP(' AZUL 2'!D317,0) -> 0 | E48: =ROUNDUP(' AZUL 2'!E317,0) -> 0 | F48: =ROUNDUP(' AZUL 2'!F317,0) -> 0 | G48: =ROUNDUP(' AZUL 2'!G317,0) -> 0 | H48: =ROUNDUP(' AZUL 2'!H317,0) -> 0 | I48: =ROUNDUP(' AZUL 2'!I317,0) -> 0 | ... Q48: =ROUNDUP(' AZUL 2'!Q317,0) -> 0
A49: NALGA CERDO fileteada para milanesa por Kg. | B49: =ROUNDUP(' AZUL 2'!B318,0) -> 0 | C49: =ROUNDUP(' AZUL 2'!C318,0) -> 0 | D49: =ROUNDUP(' AZUL 2'!D318,0) -> 0 | E49: =ROUNDUP(' AZUL 2'!E318,0) -> 0 | F49: =ROUNDUP(' AZUL 2'!F318,0) -> 0 | G49: =ROUNDUP(' AZUL 2'!G318,0) -> 0 | H49: =ROUNDUP(' AZUL 2'!H318,0) -> 0 | I49: =ROUNDUP(' AZUL 2'!I318,0) -> 0 | ... Q49: =ROUNDUP(' AZUL 2'!Q318,0) -> 0
H51: PATIOS
A52: PAN | H52: ABIERTOS
A53: PROVEEDOR TESTA | H53: 8 KG POR
H54: SABADO
B55: EP 1 | C55: EP 7 | D55: EP 9 | E55: EP 13 | F55: EP 14 | G55: EP 16 | H55: EP 17 | I55: EP 18 | J55: EP 19 | K55: EP 21 | L55: EP 22 | M55: EP24 JIR7 | N55: EP25 JIR 4
B56: 94 | C56: 101 | D56: 6 | E56: 164 | F56: 90 | G56: 28 | H56: 27 | I56: 71 | J56: 148 | K56: 86 | L56: 92 | M56: 13 | N56: 22
B57: 47 | C57: 0 | D57: 3 | E57: 82 | F57: 0 | G57: 14 | H57: 0 | I57: 0 | J57: 87 | K57: 43 | L57: 56 | M57: 0 | N57: 10
A58: LUNES | B58: =ROUNDUP(' AZUL 2'!B327,0) -> 5 | C58: =ROUNDUP(' AZUL 2'!C327,0) -> 6 | D58: =ROUNDUP(' AZUL 2'!D327,0) -> 1 | E58: =ROUNDUP(' AZUL 2'!E327,0) -> 9 | F58: =ROUNDUP(' AZUL 2'!F327,0) -> 5 | G58: =ROUNDUP(' AZUL 2'!G327,0) -> 2 | H58: 0 | I58: =ROUNDUP(' AZUL 2'!I327,0) -> 4 | J58: =ROUNDUP(' AZUL 2'!J327,0) -> 8 | K58: =ROUNDUP(' AZUL 2'!K327,0) -> 5 | L58: =ROUNDUP(' AZUL 2'!L327,0) -> 5 | M58: =ROUNDUP(' AZUL 2'!M327,0) -> 1 | N58: =ROUNDUP(' AZUL 2'!N327,0) -> 2
A59: MARTES | B59: =ROUNDUP(' AZUL 2'!B328,0) -> 5 | C59: =ROUNDUP(' AZUL 2'!C328,0) -> 6 | D59: 0 | E59: =ROUNDUP(' AZUL 2'!E328,0) -> 9 | F59: =ROUNDUP(' AZUL 2'!F328,0) -> 5 | G59: =ROUNDUP(' AZUL 2'!G328,0) -> 2 | H59: 0 | I59: =ROUNDUP(' AZUL 2'!I328,0) -> 4 | J59: =ROUNDUP(' AZUL 2'!J328,0) -> 8 | K59: =ROUNDUP(' AZUL 2'!K328,0) -> 5 | L59: =ROUNDUP(' AZUL 2'!L328,0) -> 5 | M59: =ROUNDUP(' AZUL 2'!M328,0) -> 1 | N59: =ROUNDUP(' AZUL 2'!N328,0) -> 2
A60: MIERCOLES | B60: =ROUNDUP(' AZUL 2'!B329,0) -> 5 | C60: =ROUNDUP(' AZUL 2'!C329,0) -> 6 | D60: =ROUNDUP(' AZUL 2'!D329,0) -> 1 | E60: =ROUNDUP(' AZUL 2'!E329,0) -> 9 | F60: =ROUNDUP(' AZUL 2'!F329,0) -> 5 | G60: =ROUNDUP(' AZUL 2'!G329,0) -> 2 | H60: 0 | I60: =ROUNDUP(' AZUL 2'!I329,0) -> 4 | J60: =ROUNDUP(' AZUL 2'!J329,0) -> 8 | K60: =ROUNDUP(' AZUL 2'!K329,0) -> 5 | L60: =ROUNDUP(' AZUL 2'!L329,0) -> 5 | M60: =ROUNDUP(' AZUL 2'!M329,0) -> 1 | N60: =ROUNDUP(' AZUL 2'!N329,0) -> 2
A61: JUEVES | B61: =ROUNDUP(' AZUL 2'!B330,0) -> 5 | C61: =ROUNDUP(' AZUL 2'!C330,0) -> 6 | D61: 0 | E61: =ROUNDUP(' AZUL 2'!E330,0) -> 9 | F61: =ROUNDUP(' AZUL 2'!F330,0) -> 5 | G61: =ROUNDUP(' AZUL 2'!G330,0) -> 2 | H61: 0 | I61: =ROUNDUP(' AZUL 2'!I330,0) -> 4 | J61: =ROUNDUP(' AZUL 2'!J330,0) -> 8 | K61: =ROUNDUP(' AZUL 2'!K330,0) -> 5 | L61: =ROUNDUP(' AZUL 2'!L330,0) -> 5 | M61: =ROUNDUP(' AZUL 2'!M330,0) -> 1 | N61: =ROUNDUP(' AZUL 2'!N330,0) -> 2
A62: VIERNES | B62: =ROUNDUP(' AZUL 2'!B331,0) -> 5 | C62: =ROUNDUP(' AZUL 2'!C331,0) -> 6 | D62: =ROUNDUP(' AZUL 2'!D331,0) -> 1 | E62: =ROUNDUP(' AZUL 2'!E331,0) -> 9 | F62: =ROUNDUP(' AZUL 2'!F331,0) -> 5 | G62: =ROUNDUP(' AZUL 2'!G331,0) -> 2 | H62: 0 | I62: =ROUNDUP(' AZUL 2'!I331,0) -> 4 | J62: =ROUNDUP(' AZUL 2'!J331,0) -> 8 | K62: =ROUNDUP(' AZUL 2'!K331,0) -> 5 | L62: =ROUNDUP(' AZUL 2'!L331,0) -> 5 | M62: =ROUNDUP(' AZUL 2'!M331,0) -> 1 | N62: =ROUNDUP(' AZUL 2'!N331,0) -> 2
A63: PAN RALLADOviernes | B63: =ROUNDUP(' AZUL 2'!B332,0) -> 0 | C63: =ROUNDUP(' AZUL 2'!C332,0) -> 0 | D63: =ROUNDUP(' AZUL 2'!D332,0) -> 0 | E63: =ROUNDUP(' AZUL 2'!E332,0) -> 0 | F63: =ROUNDUP(' AZUL 2'!F332,0) -> 0 | G63: =ROUNDUP(' AZUL 2'!G332,0) -> 0 | H63: =ROUNDUP(' AZUL 2'!H332,0) -> 0 | I63: =ROUNDUP(' AZUL 2'!I332,0) -> 0 | ... N63: =ROUNDUP(' AZUL 2'!N332,0) -> 0
B67: EP 26 | C67: EP 27 | D67: EP 33 | E67: EP36 JIR2 | F67: EP 37 | G67: EP38 JIR15 | H67: EP39 JIR10 | I67: EP 41 | J67: EP 43 | K67: EP50 JIR 13 | L67: EP 53 | M67: EP 55 | N67: EP57 JIR 11
B68: 49 | C68: 230 | D68: 19 | E68: 38 | F68: 26 | G68: 5 | H68: 5 | I68: 8 | J68: 8 | K68: 7 | L68: 10 | M68: 17 | N68: 9
B69: 40 | C69: 115 | D69: 0 | E69: 0 | F69: 13 | G69: 1 | H69: 0 | I69: 0 | J69: 0 | K69: 0 | L69: 0 | M69: 0 | N69: 3
A70: LUNES | B70: =ROUNDUP(' AZUL 2'!B339,0) -> 3 | C70: =ROUNDUP(' AZUL 2'!C339,0) -> 12 | D70: =ROUNDUP(' AZUL 2'!D339,0) -> 1 | E70: =ROUNDUP(' AZUL 2'!E339,0) -> 2 | F70: =ROUNDUP(' AZUL 2'!F339,0) -> 2 | G70: 0 | H70: 0 | I70: =ROUNDUP(' AZUL 2'!I339,0) -> 1 | J70: =ROUNDUP(' AZUL 2'!J339,0) -> 1 | K70: 0 | L70: =ROUNDUP(' AZUL 2'!L339,0) -> 1 | M70: =ROUNDUP(' AZUL 2'!M339,0) -> 1 | N70: =ROUNDUP(' AZUL 2'!N339,0) -> 1
A71: MARTES | B71: =ROUNDUP(' AZUL 2'!B340,0) -> 3 | C71: =ROUNDUP(' AZUL 2'!C340,0) -> 12 | D71: =ROUNDUP(' AZUL 2'!D340,0) -> 1 | E71: =ROUNDUP(' AZUL 2'!E340,0) -> 2 | F71: =ROUNDUP(' AZUL 2'!F340,0) -> 2 | G71: 0 | H71: 0 | I71: 0 | J71: 0 | K71: 0 | L71: 0 | M71: =ROUNDUP(' AZUL 2'!M340,0) -> 1 | N71: =ROUNDUP(' AZUL 2'!N340,0) -> 1
A72: MIERCOLES | B72: =ROUNDUP(' AZUL 2'!B341,0) -> 3 | C72: =ROUNDUP(' AZUL 2'!C341,0) -> 12 | D72: =ROUNDUP(' AZUL 2'!D341,0) -> 1 | E72: =ROUNDUP(' AZUL 2'!E341,0) -> 2 | F72: =ROUNDUP(' AZUL 2'!F341,0) -> 2 | G72: 0 | H72: 0 | I72: =ROUNDUP(' AZUL 2'!I341,0) -> 1 | J72: =ROUNDUP(' AZUL 2'!J341,0) -> 1 | K72: 0 | L72: =ROUNDUP(' AZUL 2'!L341,0) -> 1 | M72: =ROUNDUP(' AZUL 2'!M341,0) -> 1 | N72: =ROUNDUP(' AZUL 2'!N341,0) -> 1
A73: JUEVES | B73: =ROUNDUP(' AZUL 2'!B342,0) -> 3 | C73: =ROUNDUP(' AZUL 2'!C342,0) -> 12 | D73: =ROUNDUP(' AZUL 2'!D342,0) -> 1 | E73: =ROUNDUP(' AZUL 2'!E342,0) -> 2 | F73: =ROUNDUP(' AZUL 2'!F342,0) -> 2 | G73: 0 | H73: 0 | I73: 0 | J73: 0 | K73: 0 | L73: 0 | M73: =ROUNDUP(' AZUL 2'!M342,0) -> 1 | N73: =ROUNDUP(' AZUL 2'!N342,0) -> 1
A74: VIERNES | B74: =ROUNDUP(' AZUL 2'!B343,0) -> 3 | C74: =ROUNDUP(' AZUL 2'!C343,0) -> 12 | D74: =ROUNDUP(' AZUL 2'!D343,0) -> 1 | E74: =ROUNDUP(' AZUL 2'!E343,0) -> 2 | F74: =ROUNDUP(' AZUL 2'!F343,0) -> 2 | G74: 0 | H74: 0 | I74: =ROUNDUP(' AZUL 2'!I343,0) -> 1 | J74: =ROUNDUP(' AZUL 2'!J343,0) -> 1 | K74: 0 | L74: =ROUNDUP(' AZUL 2'!L343,0) -> 1 | M74: =ROUNDUP(' AZUL 2'!M343,0) -> 1 | N74: =ROUNDUP(' AZUL 2'!N343,0) -> 1
A75: PAN RALLADOviernes | B75: =ROUNDUP(' AZUL 2'!B344,0) -> 0 | C75: =ROUNDUP(' AZUL 2'!C344,0) -> 0 | D75: =ROUNDUP(' AZUL 2'!D344,0) -> 0 | E75: =ROUNDUP(' AZUL 2'!E344,0) -> 0 | F75: =ROUNDUP(' AZUL 2'!F344,0) -> 0 | G75: =ROUNDUP(' AZUL 2'!G344,0) -> 0 | H75: =ROUNDUP(' AZUL 2'!H344,0) -> 0 | I75: =ROUNDUP(' AZUL 2'!I344,0) -> 0 | ... N75: =ROUNDUP(' AZUL 2'!N344,0) -> 0
B77: EP 62 | C77: EP 64 | D77: EP 65 | E77: EP 66 | F77: Ins. San | G77: EES 7 | H77: EES 8 | I77: EES 9 | J77: EES 9 | K77: EES 10 | L77: EES 11 | M77: EES 11 | N77: EES 12
F78: PRIM | I78: EP 7 | J78: EP 36 | L78: EP 18 | M78: EP 14 | N78: EP 27
B79: 167 | C79: 148 | D79: 7 | E79: 178 | F79: 108 | G79: 35 | H79: 149 | I79: 99 | J79: 33 | K79: 150 | L79: 123 | M79: 78 | N79: 170
B80: 60 | C80: 100 | D80: 0 | E80: 89 | F80: 0 | G80: 0 | H80: 149 | I80: 0 | J80: 0 | K80: 95 | L80: 0 | M80: 0 | N80: 70
A81: LUNES | B81: =ROUNDUP(' AZUL 2'!B350,0) -> 9 | C81: =ROUNDUP(' AZUL 2'!C350,0) -> 8 | D81: =ROUNDUP(' AZUL 2'!D350,0) -> 1 | E81: =ROUNDUP(' AZUL 2'!E350,0) -> 9 | F81: =ROUNDUP(' AZUL 2'!F350,0) -> 6 | G81: =ROUNDUP(' AZUL 2'!G350,0) -> 2 | H81: =ROUNDUP(' AZUL 2'!H350,0) -> 8 | I81: =ROUNDUP(' AZUL 2'!I350,0) -> 5 | ... N81: =ROUNDUP(' AZUL 2'!N350,0) -> 9
A82: MARTES | B82: =ROUNDUP(' AZUL 2'!B351,0) -> 9 | C82: =ROUNDUP(' AZUL 2'!C351,0) -> 8 | D82: 0 | E82: =ROUNDUP(' AZUL 2'!E351,0) -> 9 | F82: =ROUNDUP(' AZUL 2'!F351,0) -> 6 | G82: =ROUNDUP(' AZUL 2'!G351,0) -> 2 | H82: =ROUNDUP(' AZUL 2'!H351,0) -> 8 | I82: =ROUNDUP(' AZUL 2'!I351,0) -> 5 | J82: =ROUNDUP(' AZUL 2'!J351,0) -> 2 | K82: =ROUNDUP(' AZUL 2'!K351,0) -> 8 | L82: 6 | M82: 4 | N82: =ROUNDUP(' AZUL 2'!N351,0) -> 9
A83: MIERCOLES | B83: =ROUNDUP(' AZUL 2'!B352,0) -> 9 | C83: =ROUNDUP(' AZUL 2'!C352,0) -> 8 | D83: =ROUNDUP(' AZUL 2'!D352,0) -> 1 | E83: =ROUNDUP(' AZUL 2'!E352,0) -> 9 | F83: =ROUNDUP(' AZUL 2'!F352,0) -> 6 | G83: =ROUNDUP(' AZUL 2'!G352,0) -> 2 | H83: =ROUNDUP(' AZUL 2'!H352,0) -> 8 | I83: =ROUNDUP(' AZUL 2'!I352,0) -> 5 | ... N83: =ROUNDUP(' AZUL 2'!N352,0) -> 9
A84: JUEVES | B84: =ROUNDUP(' AZUL 2'!B353,0) -> 9 | C84: =ROUNDUP(' AZUL 2'!C353,0) -> 8 | D84: 0 | E84: =ROUNDUP(' AZUL 2'!E353,0) -> 9 | F84: =ROUNDUP(' AZUL 2'!F353,0) -> 6 | G84: =ROUNDUP(' AZUL 2'!G353,0) -> 2 | H84: =ROUNDUP(' AZUL 2'!H353,0) -> 8 | I84: =ROUNDUP(' AZUL 2'!I353,0) -> 5 | J84: =ROUNDUP(' AZUL 2'!J353,0) -> 2 | K84: =ROUNDUP(' AZUL 2'!K353,0) -> 8 | L84: 6 | M84: 4 | N84: =ROUNDUP(' AZUL 2'!N353,0) -> 9
A85: VIERNES | B85: =ROUNDUP(' AZUL 2'!B354,0) -> 9 | C85: =ROUNDUP(' AZUL 2'!C354,0) -> 8 | D85: =ROUNDUP(' AZUL 2'!D354,0) -> 1 | E85: =ROUNDUP(' AZUL 2'!E354,0) -> 9 | F85: =ROUNDUP(' AZUL 2'!F354,0) -> 6 | G85: =ROUNDUP(' AZUL 2'!G354,0) -> 2 | H85: =ROUNDUP(' AZUL 2'!H354,0) -> 8 | I85: =ROUNDUP(' AZUL 2'!I354,0) -> 5 | ... N85: =ROUNDUP(' AZUL 2'!N354,0) -> 9
A86: PAN RALLADOviernes | B86: =ROUNDUP(' AZUL 2'!B355,0) -> 0 | C86: =ROUNDUP(' AZUL 2'!C355,0) -> 0 | D86: =ROUNDUP(' AZUL 2'!D355,0) -> 0 | E86: =ROUNDUP(' AZUL 2'!E355,0) -> 0 | F86: =ROUNDUP(' AZUL 2'!F355,0) -> 0 | G86: =ROUNDUP(' AZUL 2'!G355,0) -> 0 | H86: =ROUNDUP(' AZUL 2'!H355,0) -> 0 | I86: =ROUNDUP(' AZUL 2'!I355,0) -> 0 | ... N86: =ROUNDUP(' AZUL 2'!N355,0) -> 0
B88: EES 12 | C88: EEST 1 | D88: EEST 2 | E88: SAN FCO | F88: CEPT 31 | G88: CFI 1 | H88: 502 | I88: 503 | J88: 504 | K88: 505 | L88: VIVENCIAS | M88: CADRAL | N88: CEC 802
B89: EP 26 | E89: SEC
B90: 68 | C90: 566 | D90: 850 | E90: 121 | F90: 100 | G90: 108 | H90: 124 | I90: 46 | J90: 50 | K90: 104 | L90: 60 | M90: 42 | N90: 103
B91: 68 | C91: 160 | D91: 0 | E91: 0 | F91: 100 | G91: 54 | H91: 62 | I91: 23 | J91: 25 | K91: 52 | L91: 30 | M91: 19 | N91: 103
A92: LUNES | B92: =ROUNDUP(' AZUL 2'!B361,0) -> 4 | C92: =ROUNDUP(' AZUL 2'!C361,0) -> 29 | D92: =ROUNDUP(' AZUL 2'!D361,0) -> 43 | E92: =ROUNDUP(' AZUL 2'!E361,0) -> 7 | F92: =ROUNDUP(' AZUL 2'!F361,0) -> 5 | G92: 0 | H92: =ROUNDUP(' AZUL 2'!H361,0) -> 7 | I92: =ROUNDUP(' AZUL 2'!I361,0) -> 3 | J92: =ROUNDUP(' AZUL 2'!J361,0) -> 3 | K92: =ROUNDUP(' AZUL 2'!K361,0) -> 6 | L92: =ROUNDUP(' AZUL 2'!L361,0) -> 3 | M92: =ROUNDUP(' AZUL 2'!M361,0) -> 3 | N92: =ROUNDUP(' AZUL 2'!N361,0) -> 6
A93: MARTES | B93: =ROUNDUP(' AZUL 2'!B362,0) -> 4 | C93: =ROUNDUP(' AZUL 2'!C362,0) -> 29 | D93: =ROUNDUP(' AZUL 2'!D362,0) -> 43 | E93: =ROUNDUP(' AZUL 2'!E362,0) -> 7 | F93: =ROUNDUP(' AZUL 2'!F362,0) -> 5 | G93: 0 | H93: 8 | I93: 2 | J93: 3 | K93: 7 | L93: 4 | M93: 3 | N93: =ROUNDUP(' AZUL 2'!N362,0) -> 6
A94: MIERCOLES | B94: =ROUNDUP(' AZUL 2'!B363,0) -> 4 | C94: =ROUNDUP(' AZUL 2'!C363,0) -> 29 | D94: =ROUNDUP(' AZUL 2'!D363,0) -> 43 | E94: =ROUNDUP(' AZUL 2'!E363,0) -> 7 | F94: =ROUNDUP(' AZUL 2'!F363,0) -> 5 | G94: 0 | H94: =ROUNDUP(' AZUL 2'!H363,0) -> 7 | I94: =ROUNDUP(' AZUL 2'!I363,0) -> 3 | J94: =ROUNDUP(' AZUL 2'!J363,0) -> 3 | K94: =ROUNDUP(' AZUL 2'!K363,0) -> 6 | L94: =ROUNDUP(' AZUL 2'!L363,0) -> 3 | M94: =ROUNDUP(' AZUL 2'!M363,0) -> 3 | N94: =ROUNDUP(' AZUL 2'!N363,0) -> 6
A95: JUEVES | B95: =ROUNDUP(' AZUL 2'!B364,0) -> 4 | C95: =ROUNDUP(' AZUL 2'!C364,0) -> 29 | D95: =ROUNDUP(' AZUL 2'!D364,0) -> 43 | E95: =ROUNDUP(' AZUL 2'!E364,0) -> 7 | F95: =ROUNDUP(' AZUL 2'!F364,0) -> 5 | G95: 0 | H95: 8 | I95: 2 | J95: 3 | K95: 7 | L95: 4 | M95: 3 | N95: =ROUNDUP(' AZUL 2'!N364,0) -> 6
A96: VIERNES | B96: =ROUNDUP(' AZUL 2'!B365,0) -> 4 | C96: =ROUNDUP(' AZUL 2'!C365,0) -> 29 | D96: =ROUNDUP(' AZUL 2'!D365,0) -> 43 | E96: =ROUNDUP(' AZUL 2'!E365,0) -> 7 | F96: =ROUNDUP(' AZUL 2'!F365,0) -> 5 | G96: 0 | H96: =ROUNDUP(' AZUL 2'!H365,0) -> 7 | I96: =ROUNDUP(' AZUL 2'!I365,0) -> 3 | J96: =ROUNDUP(' AZUL 2'!J365,0) -> 3 | K96: =ROUNDUP(' AZUL 2'!K365,0) -> 6 | L96: =ROUNDUP(' AZUL 2'!L365,0) -> 3 | M96: =ROUNDUP(' AZUL 2'!M365,0) -> 3 | N96: =ROUNDUP(' AZUL 2'!N365,0) -> 6
A97: PAN RALLADOviernes | B97: =ROUNDUP(' AZUL 2'!B366,0) -> 0 | C97: =ROUNDUP(' AZUL 2'!C366,0) -> 0 | D97: =ROUNDUP(' AZUL 2'!D366,0) -> 0 | E97: =ROUNDUP(' AZUL 2'!E366,0) -> 0 | F97: =ROUNDUP(' AZUL 2'!F366,0) -> 0 | G97: 0 | H97: =ROUNDUP(' AZUL 2'!H366,0) -> 0 | I97: =ROUNDUP(' AZUL 2'!I366,0) -> 0 | J97: =ROUNDUP(' AZUL 2'!J366,0) -> 0 | K97: =ROUNDUP(' AZUL 2'!K366,0) -> 0 | L97: =ROUNDUP(' AZUL 2'!L366,0) -> 0 | M97: =ROUNDUP(' AZUL 2'!M366,0) -> 0 | N97: =ROUNDUP(' AZUL 2'!N366,0) -> 0
B99: JI 901 | C99: JI 902 | D99: JI 905 | E99: JI 906 | F99: JI 907 | G99: JI 908 | H99: JI 909 | I99: JI 910 | J99: JI 912 | K99: JI 913 | L99: JI 914 | M99: JI 915 | N99: JI 916 | O99: JI 917 | P99: JI 918 | Q99: JI 919
B100: 160 | C100: 80 | D100: 156 | E100: 97 | F100: 2 | G100: 78 | H100: 69 | I100: 61 | J100: 131 | K100: 75 | L100: 66 | M100: 80 | N100: 71 | O100: 69 | P100: 42 | Q100: 70
B101: 0 | C101: 0 | D101: 0 | E101: 0 | F101: 0 | G101: 0 | H101: 0 | I101: 0 | J101: 40 | K101: 0 | L101: 0 | M101: 0 | N101: 0 | O101: 0 | P101: 0 | Q101: 0
A102: LUNES | B102: =ROUNDUP(' AZUL 2'!B371,0) -> 8 | C102: 0 | D102: 0 | E102: =ROUNDUP(' AZUL 2'!E371,0) -> 5 | F102: =ROUNDUP(' AZUL 2'!F371,0) -> 1 | G102: =ROUNDUP(' AZUL 2'!G371,0) -> 4 | H102: =ROUNDUP(' AZUL 2'!H371,0) -> 4 | I102: =ROUNDUP(' AZUL 2'!I371,0) -> 4 | J102: =ROUNDUP(' AZUL 2'!J371,0) -> 7 | K102: =ROUNDUP(' AZUL 2'!K371,0) -> 4 | L102: =ROUNDUP(' AZUL 2'!L371,0) -> 4 | ... Q102: =ROUNDUP(' AZUL 2'!Q371,0) -> 4
A103: MARTES | B103: =ROUNDUP(' AZUL 2'!B372,0) -> 8 | C103: 0 | D103: 0 | E103: =ROUNDUP(' AZUL 2'!E372,0) -> 5 | F103: 0 | G103: =ROUNDUP(' AZUL 2'!G372,0) -> 4 | H103: 3 | I103: 3 | J103: 8 | K103: =ROUNDUP(' AZUL 2'!K372,0) -> 4 | L103: 3 | M103: =ROUNDUP(' AZUL 2'!M372,0) -> 4 | N103: =ROUNDUP(' AZUL 2'!N372,0) -> 4 | O103: 2 | P103: 2 | Q103: 3
A104: MIERCOLES | B104: =ROUNDUP(' AZUL 2'!B373,0) -> 8 | C104: 0 | D104: 0 | E104: =ROUNDUP(' AZUL 2'!E373,0) -> 5 | F104: =ROUNDUP(' AZUL 2'!F373,0) -> 1 | G104: =ROUNDUP(' AZUL 2'!G373,0) -> 4 | H104: =ROUNDUP(' AZUL 2'!H373,0) -> 4 | I104: =ROUNDUP(' AZUL 2'!I373,0) -> 4 | J104: =ROUNDUP(' AZUL 2'!J373,0) -> 7 | K104: =ROUNDUP(' AZUL 2'!K373,0) -> 4 | L104: =ROUNDUP(' AZUL 2'!L373,0) -> 4 | ... Q104: =ROUNDUP(' AZUL 2'!Q373,0) -> 4
A105: JUEVES | B105: =ROUNDUP(' AZUL 2'!B374,0) -> 8 | C105: 0 | D105: 0 | E105: =ROUNDUP(' AZUL 2'!E374,0) -> 5 | F105: 0 | G105: =ROUNDUP(' AZUL 2'!G374,0) -> 4 | H105: 3 | I105: 3 | J105: 8 | K105: =ROUNDUP(' AZUL 2'!K374,0) -> 4 | L105: 3 | M105: =ROUNDUP(' AZUL 2'!M374,0) -> 4 | N105: =ROUNDUP(' AZUL 2'!N374,0) -> 4 | O105: 2 | P105: 2 | Q105: 3
A106: VIERNES | B106: =ROUNDUP(' AZUL 2'!B375,0) -> 8 | C106: 0 | D106: 0 | E106: =ROUNDUP(' AZUL 2'!E375,0) -> 5 | F106: =ROUNDUP(' AZUL 2'!F375,0) -> 1 | G106: =ROUNDUP(' AZUL 2'!G375,0) -> 4 | H106: =ROUNDUP(' AZUL 2'!H375,0) -> 4 | I106: =ROUNDUP(' AZUL 2'!I375,0) -> 4 | J106: =ROUNDUP(' AZUL 2'!J375,0) -> 7 | K106: =ROUNDUP(' AZUL 2'!K375,0) -> 4 | L106: =ROUNDUP(' AZUL 2'!L375,0) -> 4 | ... Q106: =ROUNDUP(' AZUL 2'!Q375,0) -> 4
A107: PAN RALLADOviernes | B107: =ROUNDUP(' AZUL 2'!B376,0) -> 0 | C107: =ROUNDUP(' AZUL 2'!C376,0) -> 0 | D107: =ROUNDUP(' AZUL 2'!D376,0) -> 0 | E107: =ROUNDUP(' AZUL 2'!E376,0) -> 0 | F107: =ROUNDUP(' AZUL 2'!F376,0) -> 0 | G107: =ROUNDUP(' AZUL 2'!G376,0) -> 0 | H107: =ROUNDUP(' AZUL 2'!H376,0) -> 0 | I107: =ROUNDUP(' AZUL 2'!I376,0) -> 0 | ... Q107: =ROUNDUP(' AZUL 2'!Q376,0) -> 0

Sheet CACHARI 2
A7: CACHARI PERIODO REGULAR 2026
A8: ORDEN DE COMPRA
B9: FECHA:
A11: FRUTAS Y VERDURAS:
A12: PROVEEDOR: CAPPUCCIO LUIS-
B13: J904 | C13: EP4 | D13: EP5+JIR 5 | E13: EP6 | F13: EP23 | G13: EP29 | H13: EP31 | I13: EP32 | J13: EP34 | K13: EP44 | L13: EP59 | M13: CEC801 | N13: EEE506 | O13: EES2 | P13: TOTAL
A14: DMC | B14: 111 | C14: 6 | D14: 5 | E14: 35 | F14: 123 | G14: 3 | H14: 3 | I14: 5 | J14: 4 | K14: 4 | L14: 12 | M14: 130 | N14: 24 | O14: 171 | P14: =SUM(B14:O14) -> 636
A15: COM | B15: 0 | C15: 0 | D15: 0 | E15: 0 | F15: 0 | G15: 0 | H15: 0 | I15: 2 | J15: 0 | K15: 0 | L15: 6 | M15: 130 | N15: 12 | O15: 0 | P15: =SUM(B15:O15) -> 150 | Q15: PRECIO | R15: PESOS POR PRODUCTO
A16: MANZANA | B16: =PRODUCT(SEMANAL!D6,B14)/1000+PRODUCT(SEMANAL!B6,B15)/1000 -> 13.875 | C16: =PRODUCT(SEMANAL!D6,C$14)/1000+PRODUCT(SEMANAL!B6,C$15)/1000 -> 0.75 | D16: =PRODUCT(SEMANAL!D6,D$14)/1000+PRODUCT(SEMANAL!B6,D$15)/1000 -> 0.625 | E16: =PRODUCT(SEMANAL!D6,E$14)/1000+PRODUCT(SEMANAL!B6,E$15)/1000 -> 4.375 | F16: =PRODUCT(SEMANAL!D6,F$14)/1000+PRODUCT(SEMANAL!B6,F$15)/1000 -> 15.375 | G16: =PRODUCT(SEMANAL!D6,G$14)/1000+PRODUCT(SEMANAL!B6,G$15)/1000 -> 0.375 | H16: =PRODUCT(SEMANAL!D6,H$14)/1000+PRODUCT(SEMANAL!B6,H$15)/1000 -> 0.375 | I16: =PRODUCT(SEMANAL!D6,I$14)/1000+PRODUCT(SEMANAL!B6,I$15)/1000 -> 0.865 | J16: =PRODUCT(SEMANAL!D6,J$14)/1000+PRODUCT(SEMANAL!B6,J$15)/1000 -> 0.5 | K16: =PRODUCT(SEMANAL!D6,K$14)/1000+PRODUCT(SEMANAL!B6,K$15)/1000 -> 0.5 | L16: =PRODUCT(SEMANAL!D6,L$14)/1000+PRODUCT(SEMANAL!B6,L$15)/1000 -> 2.22 | M16: =PRODUCT(SEMANAL!D6,M$14)/1000+PRODUCT(SEMANAL!B6,M$15)/1000 -> 31.85 | N16: =PRODUCT(SEMANAL!D6,N$14)/1000+PRODUCT(SEMANAL!B6,N$15)/1000 -> 4.44 | O16: =PRODUCT(SEMANAL!D6,O$14)/1000+PRODUCT(SEMANAL!B6,O$15)/1000 -> 21.375 | P16: =SUM('OC CACHARI 2'!B16:O16) -> 72 | Q16: 2950 | R16: =PRODUCT(P16:Q16) -> 212400
A17: BANANA | B17: =PRODUCT(SEMANAL!D7,B14)/1000+PRODUCT(SEMANAL!B7,B15)/1000 -> 0 | C17: =PRODUCT(SEMANAL!D7,C$14)/1000+PRODUCT(SEMANAL!B7,C$15)/1000 -> 0 | D17: =PRODUCT(SEMANAL!D7,D$14)/1000+PRODUCT(SEMANAL!B7,D$15)/1000 -> 0 | E17: =PRODUCT(SEMANAL!D7,E$14)/1000+PRODUCT(SEMANAL!B7,E$15)/1000 -> 0 | F17: =PRODUCT(SEMANAL!D7,F$14)/1000+PRODUCT(SEMANAL!B7,F$15)/1000 -> 0 | G17: =PRODUCT(SEMANAL!D7,G$14)/1000+PRODUCT(SEMANAL!B7,G$15)/1000 -> 0 | H17: =PRODUCT(SEMANAL!D7,H$14)/1000+PRODUCT(SEMANAL!B7,H$15)/1000 -> 0 | I17: =PRODUCT(SEMANAL!D7,I$14)/1000+PRODUCT(SEMANAL!B7,I$15)/1000 -> 0.24 | J17: =PRODUCT(SEMANAL!D7,J$14)/1000+PRODUCT(SEMANAL!B7,J$15)/1000 -> 0 | K17: =PRODUCT(SEMANAL!D7,K$14)/1000+PRODUCT(SEMANAL!B7,K$15)/1000 -> 0 | L17: =PRODUCT(SEMANAL!D7,L$14)/1000+PRODUCT(SEMANAL!B7,L$15)/1000 -> 0.72 | M17: =PRODUCT(SEMANAL!D7,M$14)/1000+PRODUCT(SEMANAL!B7,M$15)/1000 -> 15.6 | N17: =PRODUCT(SEMANAL!D7,N$14)/1000+PRODUCT(SEMANAL!B7,N$15)/1000 -> 1.44 | O17: =PRODUCT(SEMANAL!D7,O$14)/1000+PRODUCT(SEMANAL!B7,O$15)/1000 -> 0 | P17: =SUM('OC CACHARI 2'!B17:O17) -> 20 | Q17: 3490 | R17: =PRODUCT(P17:Q17) -> 69800
A18: NARANJA O MANDARINA | B18: =PRODUCT(SEMANAL!D8,B$14)/1000+PRODUCT(SEMANAL!B8,B$15)/1000 -> 27.75 | C18: =PRODUCT(SEMANAL!D8,C$14)/1000+PRODUCT(SEMANAL!B8,C$15)/1000 -> 1.5 | D18: =PRODUCT(SEMANAL!D8,D$14)/1000+PRODUCT(SEMANAL!B8,D$15)/1000 -> 1.25 | E18: =PRODUCT(SEMANAL!D8,E$14)/1000+PRODUCT(SEMANAL!B8,E$15)/1000 -> 8.75 | F18: =PRODUCT(SEMANAL!D8,F$14)/1000+PRODUCT(SEMANAL!B8,F$15)/1000 -> 30.75 | G18: =PRODUCT(SEMANAL!D8,G$14)/1000+PRODUCT(SEMANAL!B8,G$15)/1000 -> 0.75 | H18: =PRODUCT(SEMANAL!D8,H$14)/1000+PRODUCT(SEMANAL!B8,H$15)/1000 -> 0.75 | I18: =PRODUCT(SEMANAL!D8,I$14)/1000+PRODUCT(SEMANAL!B8,I$15)/1000 -> 1.73 | J18: =PRODUCT(SEMANAL!D8,J$14)/1000+PRODUCT(SEMANAL!B8,J$15)/1000 -> 1 | K18: =PRODUCT(SEMANAL!D8,K$14)/1000+PRODUCT(SEMANAL!B8,K$15)/1000 -> 1 | L18: =PRODUCT(SEMANAL!D8,L$14)/1000+PRODUCT(SEMANAL!B8,L$15)/1000 -> 4.44 | M18: =PRODUCT(SEMANAL!D8,M$14)/1000+PRODUCT(SEMANAL!B8,M$15)/1000 -> 63.7 | N18: =PRODUCT(SEMANAL!D8,N$14)/1000+PRODUCT(SEMANAL!B8,N$15)/1000 -> 8.88 | O18: =PRODUCT(SEMANAL!D8,O$14)/1000+PRODUCT(SEMANAL!B8,O$15)/1000 -> 42.75 | P18: =SUM('OC CACHARI 2'!B18:O18) -> 135 | Q18: 1990 | R18: =PRODUCT(P18:Q18) -> 268650
A19: PERA | B19: =PRODUCT(SEMANAL!D9,B$14)/1000+PRODUCT(SEMANAL!B9,B$15)/1000 -> 0 | C19: =PRODUCT(SEMANAL!D9,C$14)/1000+PRODUCT(SEMANAL!B9,C$15)/1000 -> 0 | D19: =PRODUCT(SEMANAL!D9,D$14)/1000+PRODUCT(SEMANAL!B9,D$15)/1000 -> 0 | E19: =PRODUCT(SEMANAL!D9,E$14)/1000+PRODUCT(SEMANAL!B9,E$15)/1000 -> 0 | F19: =PRODUCT(SEMANAL!D9,F$14)/1000+PRODUCT(SEMANAL!B9,F$15)/1000 -> 0 | G19: =PRODUCT(SEMANAL!D9,G$14)/1000+PRODUCT(SEMANAL!B9,G$15)/1000 -> 0 | H19: =PRODUCT(SEMANAL!D9,H$14)/1000+PRODUCT(SEMANAL!B9,H$15)/1000 -> 0 | I19: =PRODUCT(SEMANAL!D9,I$14)/1000+PRODUCT(SEMANAL!B9,I$15)/1000 -> 0 | J19: =PRODUCT(SEMANAL!D9,J$14)/1000+PRODUCT(SEMANAL!B9,J$15)/1000 -> 0 | K19: =PRODUCT(SEMANAL!D9,K$14)/1000+PRODUCT(SEMANAL!B9,K$15)/1000 -> 0 | L19: =PRODUCT(SEMANAL!D9,L$14)/1000+PRODUCT(SEMANAL!B9,L$15)/1000 -> 0 | M19: =PRODUCT(SEMANAL!D9,M$14)/1000+PRODUCT(SEMANAL!B9,M$15)/1000 -> 0 | N19: =PRODUCT(SEMANAL!D9,N$14)/1000+PRODUCT(SEMANAL!B9,N$15)/1000 -> 0 | O19: =PRODUCT(SEMANAL!D9,O$14)/1000+PRODUCT(SEMANAL!B9,O$15)/1000 -> 0 | P19: =SUM('OC CACHARI 2'!B19:O19) -> 0 | Q19: 2500 | R19: =PRODUCT(P19:Q19) -> 0
A20: Zapallo ANCO | B20: =PRODUCT(SEMANAL!D10,B$14)/1000+PRODUCT(SEMANAL!B10,B$15)/1000 -> 0 | C20: =PRODUCT(SEMANAL!D10,C$14)/1000+PRODUCT(SEMANAL!B10,C$15)/1000 -> 0 | D20: =PRODUCT(SEMANAL!D10,D$14)/1000+PRODUCT(SEMANAL!B10,D$15)/1000 -> 0 | E20: =PRODUCT(SEMANAL!D10,E$14)/1000+PRODUCT(SEMANAL!B10,E$15)/1000 -> 0 | F20: =PRODUCT(SEMANAL!D10,F$14)/1000+PRODUCT(SEMANAL!B10,F$15)/1000 -> 0 | G20: =PRODUCT(SEMANAL!D10,G$14)/1000+PRODUCT(SEMANAL!B10,G$15)/1000 -> 0 | H20: =PRODUCT(SEMANAL!D10,H$14)/1000+PRODUCT(SEMANAL!B10,H$15)/1000 -> 0 | I20: =PRODUCT(SEMANAL!D10,I$14)/1000+PRODUCT(SEMANAL!B10,I$15)/1000 -> 0.28 | J20: =PRODUCT(SEMANAL!D10,J$14)/1000+PRODUCT(SEMANAL!B10,J$15)/1000 -> 0 | K20: =PRODUCT(SEMANAL!D10,K$14)/1000+PRODUCT(SEMANAL!B10,K$15)/1000 -> 0 | L20: =PRODUCT(SEMANAL!D10,L$14)/1000+PRODUCT(SEMANAL!B10,L$15)/1000 -> 0.84 | M20: =PRODUCT(SEMANAL!D10,M$14)/1000+PRODUCT(SEMANAL!B10,M$15)/1000 -> 18.2 | N20: =PRODUCT(SEMANAL!D10,N$14)/1000+PRODUCT(SEMANAL!B10,N$15)/1000 -> 1.68 | O20: =PRODUCT(SEMANAL!D10,O$14)/1000+PRODUCT(SEMANAL!B10,O$15)/1000 -> 0 | P20: =SUM('OC CACHARI 2'!B20:O20) -> 23 | Q20: 1500 | R20: =PRODUCT(P20:Q20) -> 34500
A21: Zapallo verde | B21: =PRODUCT(SEMANAL!D11,B$14)/1000+PRODUCT(SEMANAL!B11,B$15)/1000 -> 0 | C21: =PRODUCT(SEMANAL!D11,C$14)/1000+PRODUCT(SEMANAL!B11,C$15)/1000 -> 0 | D21: =PRODUCT(SEMANAL!D11,D$14)/1000+PRODUCT(SEMANAL!B11,D$15)/1000 -> 0 | E21: =PRODUCT(SEMANAL!D11,E$14)/1000+PRODUCT(SEMANAL!B11,E$15)/1000 -> 0 | F21: =PRODUCT(SEMANAL!D11,F$14)/1000+PRODUCT(SEMANAL!B11,F$15)/1000 -> 0 | G21: =PRODUCT(SEMANAL!D11,G$14)/1000+PRODUCT(SEMANAL!B11,G$15)/1000 -> 0 | H21: =PRODUCT(SEMANAL!D11,H$14)/1000+PRODUCT(SEMANAL!B11,H$15)/1000 -> 0 | I21: =PRODUCT(SEMANAL!D11,I$14)/1000+PRODUCT(SEMANAL!B11,I$15)/1000 -> 0.1 | J21: =PRODUCT(SEMANAL!D11,J$14)/1000+PRODUCT(SEMANAL!B11,J$15)/1000 -> 0 | K21: =PRODUCT(SEMANAL!D11,K$14)/1000+PRODUCT(SEMANAL!B11,K$15)/1000 -> 0 | L21: =PRODUCT(SEMANAL!D11,L$14)/1000+PRODUCT(SEMANAL!B11,L$15)/1000 -> 0.3 | M21: =PRODUCT(SEMANAL!D11,M$14)/1000+PRODUCT(SEMANAL!B11,M$15)/1000 -> 6.5 | N21: =PRODUCT(SEMANAL!D11,N$14)/1000+PRODUCT(SEMANAL!B11,N$15)/1000 -> 0.6 | O21: =PRODUCT(SEMANAL!D11,O$14)/1000+PRODUCT(SEMANAL!B11,O$15)/1000 -> 0 | P21: =SUM('OC CACHARI 2'!B21:O21) -> 10 | Q21: 2590 | R21: =PRODUCT(P21:Q21) -> 25900
A22: Papa | B22: =PRODUCT(SEMANAL!D12,B$14)/1000+PRODUCT(SEMANAL!B12,B$15)/1000 -> 0 | C22: =PRODUCT(SEMANAL!D12,C$14)/1000+PRODUCT(SEMANAL!B12,C$15)/1000 -> 0 | D22: =PRODUCT(SEMANAL!D12,D$14)/1000+PRODUCT(SEMANAL!B12,D$15)/1000 -> 0 | E22: =PRODUCT(SEMANAL!D12,E$14)/1000+PRODUCT(SEMANAL!B12,E$15)/1000 -> 0 | F22: =PRODUCT(SEMANAL!D12,F$14)/1000+PRODUCT(SEMANAL!B12,F$15)/1000 -> 0 | G22: =PRODUCT(SEMANAL!D12,G$14)/1000+PRODUCT(SEMANAL!B12,G$15)/1000 -> 0 | H22: =PRODUCT(SEMANAL!D12,H$14)/1000+PRODUCT(SEMANAL!B12,H$15)/1000 -> 0 | I22: =PRODUCT(SEMANAL!D12,I$14)/1000+PRODUCT(SEMANAL!B12,I$15)/1000 -> 0.4 | J22: =PRODUCT(SEMANAL!D12,J$14)/1000+PRODUCT(SEMANAL!B12,J$15)/1000 -> 0 | K22: =PRODUCT(SEMANAL!D12,K$14)/1000+PRODUCT(SEMANAL!B12,K$15)/1000 -> 0 | L22: =PRODUCT(SEMANAL!D12,L$14)/1000+PRODUCT(SEMANAL!B12,L$15)/1000 -> 1.2 | M22: =PRODUCT(SEMANAL!D12,M$14)/1000+PRODUCT(SEMANAL!B12,M$15)/1000 -> 26 | N22: =PRODUCT(SEMANAL!D12,N$14)/1000+PRODUCT(SEMANAL!B12,N$15)/1000 -> 2.4 | O22: =PRODUCT(SEMANAL!D12,O$14)/1000+PRODUCT(SEMANAL!B12,O$15)/1000 -> 0 | P22: =SUM('OC CACHARI 2'!B22:O22) -> 32 | Q22: 1250 | R22: =PRODUCT(P22:Q22) -> 40000
A23: Cebolla | B23: =PRODUCT(SEMANAL!D13,B$14)/1000+PRODUCT(SEMANAL!B13,B$15)/1000 -> 0 | C23: =PRODUCT(SEMANAL!D13,C$14)/1000+PRODUCT(SEMANAL!B13,C$15)/1000 -> 0 | D23: =PRODUCT(SEMANAL!D13,D$14)/1000+PRODUCT(SEMANAL!B13,D$15)/1000 -> 0 | E23: =PRODUCT(SEMANAL!D13,E$14)/1000+PRODUCT(SEMANAL!B13,E$15)/1000 -> 0 | F23: =PRODUCT(SEMANAL!D13,F$14)/1000+PRODUCT(SEMANAL!B13,F$15)/1000 -> 0 | G23: =PRODUCT(SEMANAL!D13,G$14)/1000+PRODUCT(SEMANAL!B13,G$15)/1000 -> 0 | H23: =PRODUCT(SEMANAL!D13,H$14)/1000+PRODUCT(SEMANAL!B13,H$15)/1000 -> 0 | I23: =PRODUCT(SEMANAL!D13,I$14)/1000+PRODUCT(SEMANAL!B13,I$15)/1000 -> 0.15 | J23: =PRODUCT(SEMANAL!D13,J$14)/1000+PRODUCT(SEMANAL!B13,J$15)/1000 -> 0 | K23: =PRODUCT(SEMANAL!D13,K$14)/1000+PRODUCT(SEMANAL!B13,K$15)/1000 -> 0 | L23: =PRODUCT(SEMANAL!D13,L$14)/1000+PRODUCT(SEMANAL!B13,L$15)/1000 -> 0.45 | M23: =PRODUCT(SEMANAL!D13,M$14)/1000+PRODUCT(SEMANAL!B13,M$15)/1000 -> 9.75 | N23: =PRODUCT(SEMANAL!D13,N$14)/1000+PRODUCT(SEMANAL!B13,N$15)/1000 -> 0.9 | O23: =PRODUCT(SEMANAL!D13,O$14)/1000+PRODUCT(SEMANAL!B13,O$15)/1000 -> 0 | P23: =SUM('OC CACHARI 2'!B23:O23) -> 3 | Q23: 1250 | R23: =PRODUCT(P23:Q23) -> 3750
A24: Zanahoria | B24: =PRODUCT(SEMANAL!D14,B$14)/1000+PRODUCT(SEMANAL!B14,B$15)/1000 -> 0 | C24: =PRODUCT(SEMANAL!D14,C$14)/1000+PRODUCT(SEMANAL!B14,C$15)/1000 -> 0 | D24: =PRODUCT(SEMANAL!D14,D$14)/1000+PRODUCT(SEMANAL!B14,D$15)/1000 -> 0 | E24: =PRODUCT(SEMANAL!D14,E$14)/1000+PRODUCT(SEMANAL!B14,E$15)/1000 -> 0 | F24: =PRODUCT(SEMANAL!D14,F$14)/1000+PRODUCT(SEMANAL!B14,F$15)/1000 -> 0 | G24: =PRODUCT(SEMANAL!D14,G$14)/1000+PRODUCT(SEMANAL!B14,G$15)/1000 -> 0 | H24: =PRODUCT(SEMANAL!D14,H$14)/1000+PRODUCT(SEMANAL!B14,H$15)/1000 -> 0 | I24: =PRODUCT(SEMANAL!D14,I$14)/1000+PRODUCT(SEMANAL!B14,I$15)/1000 -> 0.1 | J24: =PRODUCT(SEMANAL!D14,J$14)/1000+PRODUCT(SEMANAL!B14,J$15)/1000 -> 0 | K24: =PRODUCT(SEMANAL!D14,K$14)/1000+PRODUCT(SEMANAL!B14,K$15)/1000 -> 0 | L24: =PRODUCT(SEMANAL!D14,L$14)/1000+PRODUCT(SEMANAL!B14,L$15)/1000 -> 0.3 | M24: =PRODUCT(SEMANAL!D14,M$14)/1000+PRODUCT(SEMANAL!B14,M$15)/1000 -> 6.5 | N24: =PRODUCT(SEMANAL!D14,N$14)/1000+PRODUCT(SEMANAL!B14,N$15)/1000 -> 0.6 | O24: =PRODUCT(SEMANAL!D14,O$14)/1000+PRODUCT(SEMANAL!B14,O$15)/1000 -> 0 | P24: =SUM('OC CACHARI 2'!B24:O24) -> 3 | Q24: 1790 | R24: =PRODUCT(P24:Q24) -> 5370
A25: Tomate | B25: =PRODUCT(SEMANAL!D15,B$14)/1000+PRODUCT(SEMANAL!B15,B$15)/1000 -> 0 | C25: =PRODUCT(SEMANAL!D15,C$14)/1000+PRODUCT(SEMANAL!B15,C$15)/1000 -> 0 | D25: =PRODUCT(SEMANAL!D15,D$14)/1000+PRODUCT(SEMANAL!B15,D$15)/1000 -> 0 | E25: =PRODUCT(SEMANAL!D15,E$14)/1000+PRODUCT(SEMANAL!B15,E$15)/1000 -> 0 | F25: =PRODUCT(SEMANAL!D15,F$14)/1000+PRODUCT(SEMANAL!B15,F$15)/1000 -> 0 | G25: =PRODUCT(SEMANAL!D15,G$14)/1000+PRODUCT(SEMANAL!B15,G$15)/1000 -> 0 | H25: =PRODUCT(SEMANAL!D15,H$14)/1000+PRODUCT(SEMANAL!B15,H$15)/1000 -> 0 | I25: =PRODUCT(SEMANAL!D15,I$14)/1000+PRODUCT(SEMANAL!B15,I$15)/1000 -> 0.07 | J25: =PRODUCT(SEMANAL!D15,J$14)/1000+PRODUCT(SEMANAL!B15,J$15)/1000 -> 0 | K25: =PRODUCT(SEMANAL!D15,K$14)/1000+PRODUCT(SEMANAL!B15,K$15)/1000 -> 0 | L25: =PRODUCT(SEMANAL!D15,L$14)/1000+PRODUCT(SEMANAL!B15,L$15)/1000 -> 0.21 | M25: =PRODUCT(SEMANAL!D15,M$14)/1000+PRODUCT(SEMANAL!B15,M$15)/1000 -> 4.55 | N25: =PRODUCT(SEMANAL!D15,N$14)/1000+PRODUCT(SEMANAL!B15,N$15)/1000 -> 0.42 | O25: =PRODUCT(SEMANAL!D15,O$14)/1000+PRODUCT(SEMANAL!B15,O$15)/1000 -> 0 | P25: =SUM('OC CACHARI 2'!B25:O25) -> 8 | Q25: 1890 | R25: =PRODUCT(P25:Q25) -> 15120
A26: Ajo | B26: =PRODUCT(SEMANAL!D16,B$14)/1000+PRODUCT(SEMANAL!B16,B$15)/1000 -> 0 | C26: =PRODUCT(SEMANAL!D16,C$14)/1000+PRODUCT(SEMANAL!B16,C$15)/1000 -> 0 | D26: =PRODUCT(SEMANAL!D16,D$14)/1000+PRODUCT(SEMANAL!B16,D$15)/1000 -> 0 | E26: =PRODUCT(SEMANAL!D16,E$14)/1000+PRODUCT(SEMANAL!B16,E$15)/1000 -> 0 | F26: =PRODUCT(SEMANAL!D16,F$14)/1000+PRODUCT(SEMANAL!B16,F$15)/1000 -> 0 | G26: =PRODUCT(SEMANAL!D16,G$14)/1000+PRODUCT(SEMANAL!B16,G$15)/1000 -> 0 | H26: =PRODUCT(SEMANAL!D16,H$14)/1000+PRODUCT(SEMANAL!B16,H$15)/1000 -> 0 | I26: =PRODUCT(SEMANAL!D16,I$14)/1000+PRODUCT(SEMANAL!B16,I$15)/1000 -> 0.0004 | J26: =PRODUCT(SEMANAL!D16,J$14)/1000+PRODUCT(SEMANAL!B16,J$15)/1000 -> 0 | K26: =PRODUCT(SEMANAL!D16,K$14)/1000+PRODUCT(SEMANAL!B16,K$15)/1000 -> 0 | L26: =PRODUCT(SEMANAL!D16,L$14)/1000+PRODUCT(SEMANAL!B16,L$15)/1000 -> 0.0012 | M26: =PRODUCT(SEMANAL!D16,M$14)/1000+PRODUCT(SEMANAL!B16,M$15)/1000 -> 0.026 | N26: =PRODUCT(SEMANAL!D16,N$14)/1000+PRODUCT(SEMANAL!B16,N$15)/1000 -> 0.0024 | O26: =PRODUCT(SEMANAL!D16,O$14)/1000+PRODUCT(SEMANAL!B16,O$15)/1000 -> 0 | P26: =SUM('OC CACHARI 2'!B26:O26) -> 3 | Q26: 990 | R26: =PRODUCT(P26:Q26) -> 2970
A27: Perejil | B27: =PRODUCT(SEMANAL!D17,B$14)/1000+PRODUCT(SEMANAL!B17,B$15)/1000 -> 0 | C27: =PRODUCT(SEMANAL!D17,C$14)/1000+PRODUCT(SEMANAL!B17,C$15)/1000 -> 0 | D27: =PRODUCT(SEMANAL!D17,D$14)/1000+PRODUCT(SEMANAL!B17,D$15)/1000 -> 0 | E27: =PRODUCT(SEMANAL!D17,E$14)/1000+PRODUCT(SEMANAL!B17,E$15)/1000 -> 0 | F27: =PRODUCT(SEMANAL!D17,F$14)/1000+PRODUCT(SEMANAL!B17,F$15)/1000 -> 0 | G27: =PRODUCT(SEMANAL!D17,G$14)/1000+PRODUCT(SEMANAL!B17,G$15)/1000 -> 0 | H27: =PRODUCT(SEMANAL!D17,H$14)/1000+PRODUCT(SEMANAL!B17,H$15)/1000 -> 0 | I27: =PRODUCT(SEMANAL!D17,I$14)/1000+PRODUCT(SEMANAL!B17,I$15)/1000 -> 0.0004 | J27: =PRODUCT(SEMANAL!D17,J$14)/1000+PRODUCT(SEMANAL!B17,J$15)/1000 -> 0 | K27: =PRODUCT(SEMANAL!D17,K$14)/1000+PRODUCT(SEMANAL!B17,K$15)/1000 -> 0 | L27: =PRODUCT(SEMANAL!D17,L$14)/1000+PRODUCT(SEMANAL!B17,L$15)/1000 -> 0.0012 | M27: =PRODUCT(SEMANAL!D17,M$14)/1000+PRODUCT(SEMANAL!B17,M$15)/1000 -> 0.026 | N27: =PRODUCT(SEMANAL!D17,N$14)/1000+PRODUCT(SEMANAL!B17,N$15)/1000 -> 0.0024 | O27: =PRODUCT(SEMANAL!D17,O$14)/1000+PRODUCT(SEMANAL!B17,O$15)/1000 -> 0 | P27: =SUM('OC CACHARI 2'!B27:O27) -> 2 | Q27: 2000 | R27: =PRODUCT(P27:Q27) -> 4000
A28: Huevo de gallina x doc | B28: =PRODUCT(SEMANAL!D18,B$14)/12+PRODUCT(SEMANAL!B18,B$15)/12 -> 0 | C28: =PRODUCT(SEMANAL!D18,C$14)/12+PRODUCT(SEMANAL!B18,C$15)/12 -> 0 | D28: =PRODUCT(SEMANAL!D18,D$14)/12+PRODUCT(SEMANAL!B18,D$15)/12 -> 0 | E28: =PRODUCT(SEMANAL!D18,E$14)/12+PRODUCT(SEMANAL!B18,E$15)/12 -> 0 | F28: =PRODUCT(SEMANAL!D18,F$14)/12+PRODUCT(SEMANAL!B18,F$15)/12 -> 0 | G28: =PRODUCT(SEMANAL!D18,G$14)/12+PRODUCT(SEMANAL!B18,G$15)/12 -> 0 | H28: =PRODUCT(SEMANAL!D18,H$14)/12+PRODUCT(SEMANAL!B18,H$15)/12 -> 0 | I28: =PRODUCT(SEMANAL!D18,I$14)/12+PRODUCT(SEMANAL!B18,I$15)/12 -> 0.25 | J28: =PRODUCT(SEMANAL!D18,J$14)/12+PRODUCT(SEMANAL!B18,J$15)/12 -> 0 | K28: =PRODUCT(SEMANAL!D18,K$14)/12+PRODUCT(SEMANAL!B18,K$15)/12 -> 0 | L28: =PRODUCT(SEMANAL!D18,L$14)/12+PRODUCT(SEMANAL!B18,L$15)/12 -> 0.75 | M28: =PRODUCT(SEMANAL!D18,M$14)/12+PRODUCT(SEMANAL!B18,M$15)/12 -> 16.25 | N28: =PRODUCT(SEMANAL!D18,N$14)/12+PRODUCT(SEMANAL!B18,N$15)/12 -> 1.5 | O28: =PRODUCT(SEMANAL!D18,O$14)/12+PRODUCT(SEMANAL!B18,O$15)/12 -> 0 | P28: =SUM('OC CACHARI 2'!B28:O28) -> 4 | Q28: 2900 | R28: =PRODUCT(P28:Q28) -> 11600
Q29: TOTAL | R29: =SUM(R16:R28) -> 694060
A31: PAN
A32: PROVEEDOR : CIVALE -
B34: J904 | C34: EP4 | D34: EP5+JIR 5 | E34: EP6 | F34: EP23 | G34: EP29 | H34: EP31 | I34: EP32 | J34: EP34 | K34: EP44 | L34: EP59 | M34: CEC801 | N34: EEE506 | O34: EES2 | P34: TOTAL
A35: DMC | B35: 111 | C35: 6 | D35: 5 | E35: 35 | F35: 123 | G35: 3 | H35: 3 | I35: 5 | J35: 4 | K35: 4 | L35: 12 | M35: 130 | N35: 24 | O35: 171 | P35: =SUM(B35:O35) -> 636
A36: COM | B36: 0 | C36: 0 | D36: 0 | E36: 0 | F36: 0 | G36: 0 | H36: 0 | I36: 2 | J36: 0 | K36: 0 | L36: 6 | M36: 130 | N36: 12 | O36: 0 | P36: =SUM(B36:O36) -> 150 | Q36: PRECIO | R36: PESOS POR PRODUCTO
A37: LUNES | B37: =PRODUCT(SEMANAL!D60,B$35)/1000+PRODUCT(SEMANAL!B60,B$36)/1000 -> 5.55 | C37: =PRODUCT(SEMANAL!D60,C$35)/1000+PRODUCT(SEMANAL!B60,C$36)/1000 -> 0.3 | D37: =PRODUCT(SEMANAL!D60,D$35)/1000+PRODUCT(SEMANAL!B60,D$36)/1000 -> 0.25 | E37: =PRODUCT(SEMANAL!D60,E$35)/1000+PRODUCT(SEMANAL!B60,E$36)/1000 -> 1.75 | F37: =PRODUCT(SEMANAL!D60,F$35)/1000+PRODUCT(SEMANAL!B60,F$36)/1000 -> 6.15 | G37: =PRODUCT(SEMANAL!$D$60,G$35)/1000+PRODUCT(SEMANAL!$B$60,G$36)/1000 -> 0.15 | H37: =PRODUCT(SEMANAL!$D$60,H$35)/1000+PRODUCT(SEMANAL!$B$60,H$36)/1000 -> 0.15 | I37: =PRODUCT(SEMANAL!$D$60,I$35)/1000+PRODUCT(SEMANAL!$B$60,I$36)/1000 -> 0.25 | J37: =PRODUCT(SEMANAL!$D$60,J$35)/1000+PRODUCT(SEMANAL!$B$60,J$36)/1000 -> 0.2 | K37: =PRODUCT(SEMANAL!$D$60,K$35)/1000+PRODUCT(SEMANAL!$B$60,K$36)/1000 -> 0.2 | L37: =PRODUCT(SEMANAL!$D$60,L$35)/1000+PRODUCT(SEMANAL!$B$60,L$36)/1000 -> 0.6 | M37: =PRODUCT(SEMANAL!$D$60,M$35)/1000+PRODUCT(SEMANAL!$B$60,M$36)/1000 -> 6.5 | N37: =PRODUCT(SEMANAL!$D$60,N$35)/1000+PRODUCT(SEMANAL!$B$60,N$36)/1000 -> 1.2 | O37: =PRODUCT(SEMANAL!$D$60,O$35)/1000+PRODUCT(SEMANAL!$B$60,O$36)/1000 -> 8.55 | P37: =SUM('OC CACHARI 2'!B37:O37) -> 41 | Q37: 4000 | R37: =PRODUCT(P37:Q37) -> 164000
A38: MARTES | B38: =PRODUCT(SEMANAL!D61,B$35)/1000+PRODUCT(SEMANAL!B61,B$36)/1000 -> 5.55 | C38: =PRODUCT(SEMANAL!D61,C$35)/1000+PRODUCT(SEMANAL!B61,C$36)/1000 -> 0.3 | D38: =PRODUCT(SEMANAL!D61,D$35)/1000+PRODUCT(SEMANAL!B61,D$36)/1000 -> 0.25 | E38: =PRODUCT(SEMANAL!D61,E$35)/1000+PRODUCT(SEMANAL!B61,E$36)/1000 -> 1.75 | F38: =PRODUCT(SEMANAL!D61,F$35)/1000+PRODUCT(SEMANAL!B61,F$36)/1000 -> 6.15 | G38: =PRODUCT(SEMANAL!$D$60,G$35)/1000+PRODUCT(SEMANAL!$B$60,G$36)/1000 -> 0.15 | H38: =PRODUCT(SEMANAL!$D$60,H$35)/1000+PRODUCT(SEMANAL!$B$60,H$36)/1000 -> 0.15 | I38: =PRODUCT(SEMANAL!$D$60,I$35)/1000+PRODUCT(SEMANAL!$B$60,I$36)/1000 -> 0.25 | J38: =PRODUCT(SEMANAL!$D$60,J$35)/1000+PRODUCT(SEMANAL!$B$60,J$36)/1000 -> 0.2 | K38: =PRODUCT(SEMANAL!$D$60,K$35)/1000+PRODUCT(SEMANAL!$B$60,K$36)/1000 -> 0.2 | L38: =PRODUCT(SEMANAL!$D$60,L$35)/1000+PRODUCT(SEMANAL!$B$60,L$36)/1000 -> 0.6 | M38: =PRODUCT(SEMANAL!$D$60,M$35)/1000+PRODUCT(SEMANAL!$B$60,M$36)/1000 -> 6.5 | N38: =PRODUCT(SEMANAL!$D$60,N$35)/1000+PRODUCT(SEMANAL!$B$60,N$36)/1000 -> 1.2 | O38: =PRODUCT(SEMANAL!$D$60,O$35)/1000+PRODUCT(SEMANAL!$B$60,O$36)/1000 -> 8.55 | P38: =SUM('OC CACHARI 2'!B38:O38) -> 32 | Q38: 4000 | R38: =PRODUCT(P38:Q38) -> 128000
A39: MIERCOLES | B39: =PRODUCT(SEMANAL!D62,B$35)/1000+PRODUCT(SEMANAL!B62,B$36)/1000 -> 5.55 | C39: =PRODUCT(SEMANAL!D62,C$35)/1000+PRODUCT(SEMANAL!B62,C$36)/1000 -> 0.3 | D39: =PRODUCT(SEMANAL!D62,D$35)/1000+PRODUCT(SEMANAL!B62,D$36)/1000 -> 0.25 | E39: =PRODUCT(SEMANAL!D62,E$35)/1000+PRODUCT(SEMANAL!B62,E$36)/1000 -> 1.75 | F39: =PRODUCT(SEMANAL!D62,F$35)/1000+PRODUCT(SEMANAL!B62,F$36)/1000 -> 6.15 | G39: =PRODUCT(SEMANAL!$D$60,G$35)/1000+PRODUCT(SEMANAL!$B$60,G$36)/1000 -> 0.15 | H39: =PRODUCT(SEMANAL!$D$60,H$35)/1000+PRODUCT(SEMANAL!$B$60,H$36)/1000 -> 0.15 | I39: =PRODUCT(SEMANAL!$D$60,I$35)/1000+PRODUCT(SEMANAL!$B$60,I$36)/1000 -> 0.25 | J39: =PRODUCT(SEMANAL!$D$60,J$35)/1000+PRODUCT(SEMANAL!$B$60,J$36)/1000 -> 0.2 | K39: =PRODUCT(SEMANAL!$D$60,K$35)/1000+PRODUCT(SEMANAL!$B$60,K$36)/1000 -> 0.2 | L39: =PRODUCT(SEMANAL!$D$60,L$35)/1000+PRODUCT(SEMANAL!$B$60,L$36)/1000 -> 0.6 | M39: =PRODUCT(SEMANAL!$D$60,M$35)/1000+PRODUCT(SEMANAL!$B$60,M$36)/1000 -> 6.5 | N39: =PRODUCT(SEMANAL!$D$60,N$35)/1000+PRODUCT(SEMANAL!$B$60,N$36)/1000 -> 1.2 | O39: =PRODUCT(SEMANAL!$D$60,O$35)/1000+PRODUCT(SEMANAL!$B$60,O$36)/1000 -> 8.55 | P39: =SUM('OC CACHARI 2'!B39:O39) -> 41 | Q39: 4000 | R39: =PRODUCT(P39:Q39) -> 164000
A40: JUEVES | B40: =PRODUCT(SEMANAL!D63,B$35)/1000+PRODUCT(SEMANAL!B63,B$36)/1000 -> 5.55 | C40: =PRODUCT(SEMANAL!D63,C$35)/1000+PRODUCT(SEMANAL!B63,C$36)/1000 -> 0.3 | D40: =PRODUCT(SEMANAL!D63,D$35)/1000+PRODUCT(SEMANAL!B63,D$36)/1000 -> 0.25 | E40: =PRODUCT(SEMANAL!D63,E$35)/1000+PRODUCT(SEMANAL!B63,E$36)/1000 -> 1.75 | F40: =PRODUCT(SEMANAL!D63,F$35)/1000+PRODUCT(SEMANAL!B63,F$36)/1000 -> 6.15 | G40: =PRODUCT(SEMANAL!$D$60,G$35)/1000+PRODUCT(SEMANAL!$B$60,G$36)/1000 -> 0.15 | H40: =PRODUCT(SEMANAL!$D$60,H$35)/1000+PRODUCT(SEMANAL!$B$60,H$36)/1000 -> 0.15 | I40: =PRODUCT(SEMANAL!$D$60,I$35)/1000+PRODUCT(SEMANAL!$B$60,I$36)/1000 -> 0.25 | J40: =PRODUCT(SEMANAL!$D$60,J$35)/1000+PRODUCT(SEMANAL!$B$60,J$36)/1000 -> 0.2 | K40: =PRODUCT(SEMANAL!$D$60,K$35)/1000+PRODUCT(SEMANAL!$B$60,K$36)/1000 -> 0.2 | L40: =PRODUCT(SEMANAL!$D$60,L$35)/1000+PRODUCT(SEMANAL!$B$60,L$36)/1000 -> 0.6 | M40: =PRODUCT(SEMANAL!$D$60,M$35)/1000+PRODUCT(SEMANAL!$B$60,M$36)/1000 -> 6.5 | N40: =PRODUCT(SEMANAL!$D$60,N$35)/1000+PRODUCT(SEMANAL!$B$60,N$36)/1000 -> 1.2 | O40: =PRODUCT(SEMANAL!$D$60,O$35)/1000+PRODUCT(SEMANAL!$B$60,O$36)/1000 -> 8.55 | P40: =SUM('OC CACHARI 2'!B40:O40) -> 32 | Q40: 4000 | R40: =PRODUCT(P40:Q40) -> 128000
A41: VIERNES | B41: =PRODUCT(SEMANAL!D64,B$35)/1000+PRODUCT(SEMANAL!B64,B$36)/1000 -> 5.55 | C41: =PRODUCT(SEMANAL!D64,C$35)/1000+PRODUCT(SEMANAL!B64,C$36)/1000 -> 0.3 | D41: =PRODUCT(SEMANAL!D64,D$35)/1000+PRODUCT(SEMANAL!B64,D$36)/1000 -> 0.25 | E41: =PRODUCT(SEMANAL!D64,E$35)/1000+PRODUCT(SEMANAL!B64,E$36)/1000 -> 1.75 | F41: =PRODUCT(SEMANAL!D64,F$35)/1000+PRODUCT(SEMANAL!B64,F$36)/1000 -> 6.15 | G41: =PRODUCT(SEMANAL!$D$60,G$35)/1000+PRODUCT(SEMANAL!$B$60,G$36)/1000 -> 0.15 | H41: =PRODUCT(SEMANAL!$D$60,H$35)/1000+PRODUCT(SEMANAL!$B$60,H$36)/1000 -> 0.15 | I41: =PRODUCT(SEMANAL!$D$60,I$35)/1000+PRODUCT(SEMANAL!$B$60,I$36)/1000 -> 0.25 | J41: =PRODUCT(SEMANAL!$D$60,J$35)/1000+PRODUCT(SEMANAL!$B$60,J$36)/1000 -> 0.2 | K41: =PRODUCT(SEMANAL!$D$60,K$35)/1000+PRODUCT(SEMANAL!$B$60,K$36)/1000 -> 0.2 | L41: =PRODUCT(SEMANAL!$D$60,L$35)/1000+PRODUCT(SEMANAL!$B$60,L$36)/1000 -> 0.6 | M41: =PRODUCT(SEMANAL!$D$60,M$35)/1000+PRODUCT(SEMANAL!$B$60,M$36)/1000 -> 6.5 | N41: =PRODUCT(SEMANAL!$D$60,N$35)/1000+PRODUCT(SEMANAL!$B$60,N$36)/1000 -> 1.2 | O41: =PRODUCT(SEMANAL!$D$60,O$35)/1000+PRODUCT(SEMANAL!$B$60,O$36)/1000 -> 8.55 | P41: =SUM('OC CACHARI 2'!B41:O41) -> 41 | Q41: 4000 | R41: =PRODUCT(P41:Q41) -> 164000
A42: PAN RALLADO - VIERNES | B42: =PRODUCT(SEMANAL!D65,B$35)/1000+PRODUCT(SEMANAL!B65,B$36)/1000 -> 0 | C42: =PRODUCT(SEMANAL!D65,C$35)/1000+PRODUCT(SEMANAL!B65,C$36)/1000 -> 0 | D42: =PRODUCT(SEMANAL!D65,D$35)/1000+PRODUCT(SEMANAL!B65,D$36)/1000 -> 0 | E42: =PRODUCT(SEMANAL!D65,E$35)/1000+PRODUCT(SEMANAL!B65,E$36)/1000 -> 0 | F42: =PRODUCT(SEMANAL!D65,F$35)/1000+PRODUCT(SEMANAL!B65,F$36)/1000 -> 0 | G42: =PRODUCT(SEMANAL!$D$65,G$35)/1000+PRODUCT(SEMANAL!$B$65,G$36)/1000 -> 0 | H42: =PRODUCT(SEMANAL!$D$65,H$35)/1000+PRODUCT(SEMANAL!$B$65,H$36)/1000 -> 0 | I42: =PRODUCT(SEMANAL!$D$65,I$35)/1000+PRODUCT(SEMANAL!$B$65,I$36)/1000 -> 0 | J42: =PRODUCT(SEMANAL!$D$65,J$35)/1000+PRODUCT(SEMANAL!$B$65,J$36)/1000 -> 0 | K42: =PRODUCT(SEMANAL!$D$65,K$35)/1000+PRODUCT(SEMANAL!$B$65,K$36)/1000 -> 0 | L42: =PRODUCT(SEMANAL!$D$65,L$35)/1000+PRODUCT(SEMANAL!$B$65,L$36)/1000 -> 0 | M42: =PRODUCT(SEMANAL!$D$65,M$35)/1000+PRODUCT(SEMANAL!$B$65,M$36)/1000 -> 0 | N42: =PRODUCT(SEMANAL!$D$65,N$35)/1000+PRODUCT(SEMANAL!$B$65,N$36)/1000 -> 0 | O42: =PRODUCT(SEMANAL!$D$65,O$35)/1000+PRODUCT(SEMANAL!$B$65,O$36)/1000 -> 0 | P42: =SUM('OC CACHARI 2'!B42:O42) -> 0 | Q42: 4000 | R42: =PRODUCT(P42:Q42) -> 0
Q43: TOTAL | R43: =SUM(R37:R42) -> 748000
A47: LACTEOS Y SECOS -
A48: PROVEEDOR DISTRIBUIDORA PATO -GALLEGOS - LACTEOS Y SECOS
B50: J904 | C50: EP4 | D50: EP5+JIR 5 | E50: EP6 | F50: EP23 | G50: EP29 | H50: EP31 | I50: EP32 | J50: EP34 | K50: EP44 | L50: EP59 | M50: CEC801 | N50: EEE506 | O50: EES2 | P50: TOTAL
A51: DMC | B51: 111 | C51: 6 | D51: 5 | E51: 35 | F51: 123 | G51: 3 | H51: 3 | I51: 5 | J51: 4 | K51: 4 | L51: 12 | M51: 130 | N51: 24 | O51: 171 | P51: =SUM(B51:O51) -> 636
A52: COM | B52: 0 | C52: 0 | D52: 0 | E52: 0 | F52: 0 | G52: 0 | H52: 0 | I52: 2 | J52: 0 | K52: 0 | L52: 6 | M52: 130 | N52: 12 | O52: 0 | P52: =SUM(B52:O52) -> 150 | Q52: PRECIO | R52: PESOS POR PRODUCTO
A53: Leche fluida x litro | B53: =PRODUCT(SEMANAL!$D24,B$51)/1000+PRODUCT(SEMANAL!$B24,B$52)/1000 -> 66.6 | C53: =PRODUCT(SEMANAL!$D24,C$51)/1000+PRODUCT(SEMANAL!$B24,C$52)/1000 -> 3.6 | D53: =PRODUCT(SEMANAL!$D24,D$51)/1000+PRODUCT(SEMANAL!$B24,D$52)/1000 -> 3 | E53: =PRODUCT(SEMANAL!$D24,E$51)/1000+PRODUCT(SEMANAL!$B24,E$52)/1000 -> 21 | F53: =PRODUCT(SEMANAL!$D24,F$51)/1000+PRODUCT(SEMANAL!$B24,F$52)/1000 -> 73.8 | G53: =PRODUCT(SEMANAL!$D24,G$51)/1000+PRODUCT(SEMANAL!$B24,G$52)/1000 -> 1.8 | H53: =PRODUCT(SEMANAL!$D24,H$51)/1000+PRODUCT(SEMANAL!$B24,H$52)/1000 -> 1.8 | I53: =PRODUCT(SEMANAL!$D24,I$51)/1000+PRODUCT(SEMANAL!$B24,I$52)/1000 -> 3.25 | ... O53: =PRODUCT(SEMANAL!$D24,O$51)/1000+PRODUCT(SEMANAL!$B24,O$52)/1000 -> 102.6 | P53: =SUM('OC CACHARI 2'!B53:O53) -> 243 | Q53: 2230 | R53: =PRODUCT(P53:Q53) -> 541890
A54: Azucar kg | B54: =PRODUCT(SEMANAL!$D25,B$51)/1000+PRODUCT(SEMANAL!$B25,B$52)/1000 -> 1.665 | C54: =PRODUCT(SEMANAL!$D25,C$51)/1000+PRODUCT(SEMANAL!$B25,C$52)/1000 -> 0.09 | D54: =PRODUCT(SEMANAL!$D25,D$51)/1000+PRODUCT(SEMANAL!$B25,D$52)/1000 -> 0.075 | E54: =PRODUCT(SEMANAL!$D25,E$51)/1000+PRODUCT(SEMANAL!$B25,E$52)/1000 -> 0.525 | F54: =PRODUCT(SEMANAL!$D25,F$51)/1000+PRODUCT(SEMANAL!$B25,F$52)/1000 -> 1.845 | G54: =PRODUCT(SEMANAL!$D25,G$51)/1000+PRODUCT(SEMANAL!$B25,G$52)/1000 -> 0.045 | H54: =PRODUCT(SEMANAL!$D25,H$51)/1000+PRODUCT(SEMANAL!$B25,H$52)/1000 -> 0.045 | I54: =PRODUCT(SEMANAL!$D25,I$51)/1000+PRODUCT(SEMANAL!$B25,I$52)/1000 -> 0.089 | ... O54: =PRODUCT(SEMANAL!$D25,O$51)/1000+PRODUCT(SEMANAL!$B25,O$52)/1000 -> 2.565 | P54: =SUM('OC CACHARI 2'!B54:O54) -> 15 | Q54: 1503 | R54: =PRODUCT(P54:Q54) -> 22545
A55: Té en saquito x 25 u | B55: =PRODUCT(SEMANAL!$D26,B$51)/25+PRODUCT(SEMANAL!$B26,B$52)/25 -> 6.66 | C55: =PRODUCT(SEMANAL!$D26,C$51)/25+PRODUCT(SEMANAL!$B26,C$52)/25 -> 0.36 | D55: =PRODUCT(SEMANAL!$D26,D$51)/25+PRODUCT(SEMANAL!$B26,D$52)/25 -> 0.3 | E55: =PRODUCT(SEMANAL!$D26,E$51)/25+PRODUCT(SEMANAL!$B26,E$52)/25 -> 2.1 | F55: =PRODUCT(SEMANAL!$D26,F$51)/25+PRODUCT(SEMANAL!$B26,F$52)/25 -> 7.38 | G55: =PRODUCT(SEMANAL!$D26,G$51)/25+PRODUCT(SEMANAL!$B26,G$52)/25 -> 0.18 | H55: =PRODUCT(SEMANAL!$D26,H$51)/25+PRODUCT(SEMANAL!$B26,H$52)/25 -> 0.18 | I55: =PRODUCT(SEMANAL!$D26,I$51)/25+PRODUCT(SEMANAL!$B26,I$52)/25 -> 0.3 | ... O55: =PRODUCT(SEMANAL!$D26,O$51)/25+PRODUCT(SEMANAL!$B26,O$52)/25 -> 10.26 | P55: =SUM('OC CACHARI 2'!B55:O55) -> 17 | Q55: 1208 | R55: =PRODUCT(P55:Q55) -> 20536
A56: Cacao en polvo x 360 g | B56: =PRODUCT(SEMANAL!$D27,B$51)/360+PRODUCT(SEMANAL!$B27,B$52)/360 -> 6.1666667 | C56: =PRODUCT(SEMANAL!$D27,C$51)/360+PRODUCT(SEMANAL!$B27,C$52)/360 -> 0.33333333 | D56: =PRODUCT(SEMANAL!$D27,D$51)/360+PRODUCT(SEMANAL!$B27,D$52)/360 -> 0.27777778 | E56: =PRODUCT(SEMANAL!$D27,E$51)/360+PRODUCT(SEMANAL!$B27,E$52)/360 -> 1.9444444 | F56: =PRODUCT(SEMANAL!$D27,F$51)/360+PRODUCT(SEMANAL!$B27,F$52)/360 -> 6.8333333 | G56: =PRODUCT(SEMANAL!$D27,G$51)/360+PRODUCT(SEMANAL!$B27,G$52)/360 -> 0.16666667 | H56: =PRODUCT(SEMANAL!$D27,H$51)/360+PRODUCT(SEMANAL!$B27,H$52)/360 -> 0.16666667 | I56: =PRODUCT(SEMANAL!$D27,I$51)/360+PRODUCT(SEMANAL!$B27,I$52)/360 -> 0.27777778 | ... O56: =PRODUCT(SEMANAL!$D27,O$51)/360+PRODUCT(SEMANAL!$B27,O$52)/360 -> 9.5 | P56: =SUM('OC CACHARI 2'!B56:O56) -> 25 | Q56: 3304 | R56: =PRODUCT(P56:Q56) -> 82600
A57: Dulce de leche por 400 gr | B57: =PRODUCT(SEMANAL!$D28,B$51)/400+PRODUCT(SEMANAL!$B28,B$52)/400 -> 8.325 | C57: =PRODUCT(SEMANAL!$D28,C$51)/400+PRODUCT(SEMANAL!$B28,C$52)/400 -> 0.45 | D57: =PRODUCT(SEMANAL!$D28,D$51)/400+PRODUCT(SEMANAL!$B28,D$52)/400 -> 0.375 | E57: =PRODUCT(SEMANAL!$D28,E$51)/400+PRODUCT(SEMANAL!$B28,E$52)/400 -> 2.625 | F57: =PRODUCT(SEMANAL!$D28,F$51)/400+PRODUCT(SEMANAL!$B28,F$52)/400 -> 9.225 | G57: =PRODUCT(SEMANAL!$D28,G$51)/400+PRODUCT(SEMANAL!$B28,G$52)/400 -> 0.225 | H57: =PRODUCT(SEMANAL!$D28,H$51)/400+PRODUCT(SEMANAL!$B28,H$52)/400 -> 0.225 | I57: =PRODUCT(SEMANAL!$D28,I$51)/400+PRODUCT(SEMANAL!$B28,I$52)/400 -> 0.375 | ... O57: =PRODUCT(SEMANAL!$D28,O$51)/400+PRODUCT(SEMANAL!$B28,O$52)/400 -> 12.825 | P57: =SUM('OC CACHARI 2'!B57:O57) -> 34 | Q57: 2759 | R57: =PRODUCT(P57:Q57) -> 93806
A58: Dulce de batata x kg | B58: =PRODUCT(SEMANAL!$D29,B$51)/1000+PRODUCT(SEMANAL!$B29,B$52)/1000 -> 2.22 | C58: =PRODUCT(SEMANAL!$D29,C$51)/1000+PRODUCT(SEMANAL!$B29,C$52)/1000 -> 0.12 | D58: =PRODUCT(SEMANAL!$D29,D$51)/1000+PRODUCT(SEMANAL!$B29,D$52)/1000 -> 0.1 | E58: =PRODUCT(SEMANAL!$D29,E$51)/1000+PRODUCT(SEMANAL!$B29,E$52)/1000 -> 0.7 | F58: =PRODUCT(SEMANAL!$D29,F$51)/1000+PRODUCT(SEMANAL!$B29,F$52)/1000 -> 2.46 | G58: =PRODUCT(SEMANAL!$D29,G$51)/1000+PRODUCT(SEMANAL!$B29,G$52)/1000 -> 0.06 | H58: =PRODUCT(SEMANAL!$D29,H$51)/1000+PRODUCT(SEMANAL!$B29,H$52)/1000 -> 0.06 | I58: =PRODUCT(SEMANAL!$D29,I$51)/1000+PRODUCT(SEMANAL!$B29,I$52)/1000 -> 0.1 | ... O58: =PRODUCT(SEMANAL!$D29,O$51)/1000+PRODUCT(SEMANAL!$B29,O$52)/1000 -> 3.42 | P58: =SUM('OC CACHARI 2'!B58:O58) -> 9 | Q58: 2808 | R58: =PRODUCT(P58:Q58) -> 25272
A59: Queso cremoso x kg | B59: =PRODUCT(SEMANAL!$D30,B$51)/1000+PRODUCT(SEMANAL!$B30,B$52)/1000 -> 0 | C59: =PRODUCT(SEMANAL!$D30,C$51)/1000+PRODUCT(SEMANAL!$B30,C$52)/1000 -> 0 | D59: =PRODUCT(SEMANAL!$D30,D$51)/1000+PRODUCT(SEMANAL!$B30,D$52)/1000 -> 0 | E59: =PRODUCT(SEMANAL!$D30,E$51)/1000+PRODUCT(SEMANAL!$B30,E$52)/1000 -> 0 | F59: =PRODUCT(SEMANAL!$D30,F$51)/1000+PRODUCT(SEMANAL!$B30,F$52)/1000 -> 0 | G59: =PRODUCT(SEMANAL!$D30,G$51)/1000+PRODUCT(SEMANAL!$B30,G$52)/1000 -> 0 | H59: =PRODUCT(SEMANAL!$D30,H$51)/1000+PRODUCT(SEMANAL!$B30,H$52)/1000 -> 0 | I59: =PRODUCT(SEMANAL!$D30,I$51)/1000+PRODUCT(SEMANAL!$B30,I$52)/1000 -> 0.1 | ... O59: =PRODUCT(SEMANAL!$D30,O$51)/1000+PRODUCT(SEMANAL!$B30,O$52)/1000 -> 0 | P59: =SUM('OC CACHARI 2'!B59:O59) -> 3 | Q59: 9900 | R59: =PRODUCT(P59:Q59) -> 29700
A60: Aceite girasol por 900 cc | B60: =PRODUCT(SEMANAL!$D31,B$51)/900+PRODUCT(SEMANAL!$B31,B$52)/900 -> 0 | C60: =PRODUCT(SEMANAL!$D31,C$51)/900+PRODUCT(SEMANAL!$B31,C$52)/900 -> 0 | D60: =PRODUCT(SEMANAL!$D31,D$51)/900+PRODUCT(SEMANAL!$B31,D$52)/900 -> 0 | E60: =PRODUCT(SEMANAL!$D31,E$51)/900+PRODUCT(SEMANAL!$B31,E$52)/900 -> 0 | F60: =PRODUCT(SEMANAL!$D31,F$51)/900+PRODUCT(SEMANAL!$B31,F$52)/900 -> 0 | G60: =PRODUCT(SEMANAL!$D31,G$51)/900+PRODUCT(SEMANAL!$B31,G$52)/900 -> 0 | H60: =PRODUCT(SEMANAL!$D31,H$51)/900+PRODUCT(SEMANAL!$B31,H$52)/900 -> 0 | I60: =PRODUCT(SEMANAL!$D31,I$51)/900+PRODUCT(SEMANAL!$B31,I$52)/900 -> 0.066666667 | ... O60: =PRODUCT(SEMANAL!$D31,O$51)/900+PRODUCT(SEMANAL!$B31,O$52)/900 -> 0 | P60: =SUM('OC CACHARI 2'!B60:O60) -> 5 | Q60: 3965 | R60: =PRODUCT(P60:Q60) -> 19825
A61: Arroz 00000 por kg | B61: =PRODUCT(SEMANAL!$D32,B$51)/1000+PRODUCT(SEMANAL!$B32,B$52)/1000 -> 0 | C61: =PRODUCT(SEMANAL!$D32,C$51)/1000+PRODUCT(SEMANAL!$B32,C$52)/1000 -> 0 | D61: =PRODUCT(SEMANAL!$D32,D$51)/1000+PRODUCT(SEMANAL!$B32,D$52)/1000 -> 0 | E61: =PRODUCT(SEMANAL!$D32,E$51)/1000+PRODUCT(SEMANAL!$B32,E$52)/1000 -> 0 | F61: =PRODUCT(SEMANAL!$D32,F$51)/1000+PRODUCT(SEMANAL!$B32,F$52)/1000 -> 0 | G61: =PRODUCT(SEMANAL!$D32,G$51)/1000+PRODUCT(SEMANAL!$B32,G$52)/1000 -> 0 | H61: =PRODUCT(SEMANAL!$D32,H$51)/1000+PRODUCT(SEMANAL!$B32,H$52)/1000 -> 0 | I61: =PRODUCT(SEMANAL!$D32,I$51)/1000+PRODUCT(SEMANAL!$B32,I$52)/1000 -> 0.16 | ... O61: =PRODUCT(SEMANAL!$D32,O$51)/1000+PRODUCT(SEMANAL!$B32,O$52)/1000 -> 0 | P61: =SUM('OC CACHARI 2'!B61:O61) -> 14 | Q61: 1487 | R61: =PRODUCT(P61:Q61) -> 20818
A62: Arvejas x 340 gr Tetra Brik | B62: =PRODUCT(SEMANAL!$D33,B$51)/340+PRODUCT(SEMANAL!$B33,B$52)/340 -> 0 | C62: =PRODUCT(SEMANAL!$D33,C$51)/340+PRODUCT(SEMANAL!$B33,C$52)/340 -> 0 | D62: =PRODUCT(SEMANAL!$D33,D$51)/340+PRODUCT(SEMANAL!$B33,D$52)/340 -> 0 | E62: =PRODUCT(SEMANAL!$D33,E$51)/340+PRODUCT(SEMANAL!$B33,E$52)/340 -> 0 | F62: =PRODUCT(SEMANAL!$D33,F$51)/340+PRODUCT(SEMANAL!$B33,F$52)/340 -> 0 | G62: =PRODUCT(SEMANAL!$D33,G$51)/340+PRODUCT(SEMANAL!$B33,G$52)/340 -> 0 | H62: =PRODUCT(SEMANAL!$D33,H$51)/340+PRODUCT(SEMANAL!$B33,H$52)/340 -> 0 | I62: =PRODUCT(SEMANAL!$D33,I$51)/340+PRODUCT(SEMANAL!$B33,I$52)/340 -> 0 | ... O62: =PRODUCT(SEMANAL!$D33,O$51)/340+PRODUCT(SEMANAL!$B33,O$52)/340 -> 0 | P62: =SUM('OC CACHARI 2'!B62:O62) -> 0 | Q62: 743 | R62: =PRODUCT(P62:Q62) -> 0
A63: Lentejas remojadas x 350 gr | B63: =PRODUCT(SEMANAL!$D34,B$51)/350+PRODUCT(SEMANAL!$B34,B$52)/350 -> 0 | C63: =PRODUCT(SEMANAL!$D34,C$51)/350+PRODUCT(SEMANAL!$B34,C$52)/350 -> 0 | D63: =PRODUCT(SEMANAL!$D34,D$51)/350+PRODUCT(SEMANAL!$B34,D$52)/350 -> 0 | E63: =PRODUCT(SEMANAL!$D34,E$51)/350+PRODUCT(SEMANAL!$B34,E$52)/350 -> 0 | F63: =PRODUCT(SEMANAL!$D34,F$51)/350+PRODUCT(SEMANAL!$B34,F$52)/350 -> 0 | G63: =PRODUCT(SEMANAL!$D34,G$51)/350+PRODUCT(SEMANAL!$B34,G$52)/350 -> 0 | H63: =PRODUCT(SEMANAL!$D34,H$51)/350+PRODUCT(SEMANAL!$B34,H$52)/350 -> 0 | I63: =PRODUCT(SEMANAL!$D34,I$51)/350+PRODUCT(SEMANAL!$B34,I$52)/350 -> 0.22857143 | ... O63: =PRODUCT(SEMANAL!$D34,O$51)/350+PRODUCT(SEMANAL!$B34,O$52)/350 -> 0 | P63: =SUM('OC CACHARI 2'!B63:O63) -> 14 | Q63: 1239 | R63: =PRODUCT(P63:Q63) -> 17346
A64: Pimenton x 25 gr | B64: =PRODUCT(SEMANAL!$D35,B$51)/25+PRODUCT(SEMANAL!$B35,B$52)/25 -> 0 | C64: =PRODUCT(SEMANAL!$D35,C$51)/25+PRODUCT(SEMANAL!$B35,C$52)/25 -> 0 | D64: =PRODUCT(SEMANAL!$D35,D$51)/25+PRODUCT(SEMANAL!$B35,D$52)/25 -> 0 | E64: =PRODUCT(SEMANAL!$D35,E$51)/25+PRODUCT(SEMANAL!$B35,E$52)/25 -> 0 | F64: =PRODUCT(SEMANAL!$D35,F$51)/25+PRODUCT(SEMANAL!$B35,F$52)/25 -> 0 | G64: =PRODUCT(SEMANAL!$D35,G$51)/25+PRODUCT(SEMANAL!$B35,G$52)/25 -> 0 | H64: =PRODUCT(SEMANAL!$D35,H$51)/25+PRODUCT(SEMANAL!$B35,H$52)/25 -> 0 | I64: =PRODUCT(SEMANAL!$D35,I$51)/25+PRODUCT(SEMANAL!$B35,I$52)/25 -> 0 | ... O64: =PRODUCT(SEMANAL!$D35,O$51)/25+PRODUCT(SEMANAL!$B35,O$52)/25 -> 0 | P64: =SUM('OC CACHARI 2'!B64:O64) -> 0 | Q64: 1090 | R64: =PRODUCT(P64:Q64) -> 0
A65: Oregano x 25 gr | B65: =PRODUCT(SEMANAL!$D36,B$51)/25+PRODUCT(SEMANAL!$B36,B$52)/25 -> 0 | C65: =PRODUCT(SEMANAL!$D36,C$51)/25+PRODUCT(SEMANAL!$B36,C$52)/25 -> 0 | D65: =PRODUCT(SEMANAL!$D36,D$51)/25+PRODUCT(SEMANAL!$B36,D$52)/25 -> 0 | E65: =PRODUCT(SEMANAL!$D36,E$51)/25+PRODUCT(SEMANAL!$B36,E$52)/25 -> 0 | F65: =PRODUCT(SEMANAL!$D36,F$51)/25+PRODUCT(SEMANAL!$B36,F$52)/25 -> 0 | G65: =PRODUCT(SEMANAL!$D36,G$51)/25+PRODUCT(SEMANAL!$B36,G$52)/25 -> 0 | H65: =PRODUCT(SEMANAL!$D36,H$51)/25+PRODUCT(SEMANAL!$B36,H$52)/25 -> 0 | I65: =PRODUCT(SEMANAL!$D36,I$51)/25+PRODUCT(SEMANAL!$B36,I$52)/25 -> 0 | ... O65: =PRODUCT(SEMANAL!$D36,O$51)/25+PRODUCT(SEMANAL!$B36,O$52)/25 -> 0 | P65: =SUM('OC CACHARI 2'!B65:O65) -> 0 | Q65: 1090 | R65: =PRODUCT(P65:Q65) -> 0
A66: Condimento para pizza x 25 gr | B66: =PRODUCT(SEMANAL!$D37,B$51)/25+PRODUCT(SEMANAL!$B37,B$52)/25 -> 0 | C66: =PRODUCT(SEMANAL!$D37,C$51)/25+PRODUCT(SEMANAL!$B37,C$52)/25 -> 0 | D66: =PRODUCT(SEMANAL!$D37,D$51)/25+PRODUCT(SEMANAL!$B37,D$52)/25 -> 0 | E66: =PRODUCT(SEMANAL!$D37,E$51)/25+PRODUCT(SEMANAL!$B37,E$52)/25 -> 0 | F66: =PRODUCT(SEMANAL!$D37,F$51)/25+PRODUCT(SEMANAL!$B37,F$52)/25 -> 0 | G66: =PRODUCT(SEMANAL!$D37,G$51)/25+PRODUCT(SEMANAL!$B37,G$52)/25 -> 0 | H66: =PRODUCT(SEMANAL!$D37,H$51)/25+PRODUCT(SEMANAL!$B37,H$52)/25 -> 0 | I66: =PRODUCT(SEMANAL!$D37,I$51)/25+PRODUCT(SEMANAL!$B37,I$52)/25 -> 0.12 | ... O66: =PRODUCT(SEMANAL!$D37,O$51)/25+PRODUCT(SEMANAL!$B37,O$52)/25 -> 0 | P66: =SUM('OC CACHARI 2'!B66:O66) -> 3 | Q66: 1090 | R66: =PRODUCT(P66:Q66) -> 3270
A67: Sal fina x 500 gr | B67: =PRODUCT(SEMANAL!$D38,B$51)/500+PRODUCT(SEMANAL!$B38,B$52)/500 -> 0 | C67: =PRODUCT(SEMANAL!$D38,C$51)/500+PRODUCT(SEMANAL!$B38,C$52)/500 -> 0 | D67: =PRODUCT(SEMANAL!$D38,D$51)/500+PRODUCT(SEMANAL!$B38,D$52)/500 -> 0 | E67: =PRODUCT(SEMANAL!$D38,E$51)/500+PRODUCT(SEMANAL!$B38,E$52)/500 -> 0 | F67: =PRODUCT(SEMANAL!$D38,F$51)/500+PRODUCT(SEMANAL!$B38,F$52)/500 -> 0 | G67: =PRODUCT(SEMANAL!$D38,G$51)/500+PRODUCT(SEMANAL!$B38,G$52)/500 -> 0 | H67: =PRODUCT(SEMANAL!$D38,H$51)/500+PRODUCT(SEMANAL!$B38,H$52)/500 -> 0 | I67: =PRODUCT(SEMANAL!$D38,I$51)/500+PRODUCT(SEMANAL!$B38,I$52)/500 -> 0.006 | ... O67: =PRODUCT(SEMANAL!$D38,O$51)/500+PRODUCT(SEMANAL!$B38,O$52)/500 -> 0 | P67: =SUM('OC CACHARI 2'!B67:O67) -> 4 | Q67: 760 | R67: =PRODUCT(P67:Q67) -> 3040
A68: Fideo tirabuzòn x 500 g | B68: =PRODUCT(SEMANAL!$D39,B$51)/500+PRODUCT(SEMANAL!$B39,B$52)/500 -> 0 | C68: =PRODUCT(SEMANAL!$D39,C$51)/500+PRODUCT(SEMANAL!$B39,C$52)/500 -> 0 | D68: =PRODUCT(SEMANAL!$D39,D$51)/500+PRODUCT(SEMANAL!$B39,D$52)/500 -> 0 | E68: =PRODUCT(SEMANAL!$D39,E$51)/500+PRODUCT(SEMANAL!$B39,E$52)/500 -> 0 | F68: =PRODUCT(SEMANAL!$D39,F$51)/500+PRODUCT(SEMANAL!$B39,F$52)/500 -> 0 | G68: =PRODUCT(SEMANAL!$D39,G$51)/500+PRODUCT(SEMANAL!$B39,G$52)/500 -> 0 | H68: =PRODUCT(SEMANAL!$D39,H$51)/500+PRODUCT(SEMANAL!$B39,H$52)/500 -> 0 | I68: =PRODUCT(SEMANAL!$D39,I$51)/500+PRODUCT(SEMANAL!$B39,I$52)/500 -> 0.28 | ... O68: =PRODUCT(SEMANAL!$D39,O$51)/500+PRODUCT(SEMANAL!$B39,O$52)/500 -> 0 | P68: =SUM('OC CACHARI 2'!B68:O68) -> 23 | Q68: 1013 | R68: =PRODUCT(P68:Q68) -> 23299
A69: Tomate triturado en tetrabrik x 500 gr | B69: =PRODUCT(SEMANAL!$D40,B$51)/500+PRODUCT(SEMANAL!$B40,B$52)/500 -> 0 | C69: =PRODUCT(SEMANAL!$D40,C$51)/500+PRODUCT(SEMANAL!$B40,C$52)/500 -> 0 | D69: =PRODUCT(SEMANAL!$D40,D$51)/500+PRODUCT(SEMANAL!$B40,D$52)/500 -> 0 | E69: =PRODUCT(SEMANAL!$D40,E$51)/500+PRODUCT(SEMANAL!$B40,E$52)/500 -> 0 | F69: =PRODUCT(SEMANAL!$D40,F$51)/500+PRODUCT(SEMANAL!$B40,F$52)/500 -> 0 | G69: =PRODUCT(SEMANAL!$D40,G$51)/500+PRODUCT(SEMANAL!$B40,G$52)/500 -> 0 | H69: =PRODUCT(SEMANAL!$D40,H$51)/500+PRODUCT(SEMANAL!$B40,H$52)/500 -> 0 | I69: =PRODUCT(SEMANAL!$D40,I$51)/500+PRODUCT(SEMANAL!$B40,I$52)/500 -> 0.18 | ... O69: =PRODUCT(SEMANAL!$D40,O$51)/500+PRODUCT(SEMANAL!$B40,O$52)/500 -> 0 | P69: =SUM('OC CACHARI 2'!B69:O69) -> 4 | Q69: 1156 | R69: =PRODUCT(P69:Q69) -> 4624
A70: Pan rallado x kg | B70: =PRODUCT(SEMANAL!$D41,B$51)/1000+PRODUCT(SEMANAL!$B41,B$52)/1000 -> 0 | C70: =PRODUCT(SEMANAL!$D41,C$51)/1000+PRODUCT(SEMANAL!$B41,C$52)/1000 -> 0 | D70: =PRODUCT(SEMANAL!$D41,D$51)/1000+PRODUCT(SEMANAL!$B41,D$52)/1000 -> 0 | E70: =PRODUCT(SEMANAL!$D41,E$51)/1000+PRODUCT(SEMANAL!$B41,E$52)/1000 -> 0 | F70: =PRODUCT(SEMANAL!$D41,F$51)/1000+PRODUCT(SEMANAL!$B41,F$52)/1000 -> 0 | G70: =PRODUCT(SEMANAL!$D41,G$51)/1000+PRODUCT(SEMANAL!$B41,G$52)/1000 -> 0 | H70: =PRODUCT(SEMANAL!$D41,H$51)/1000+PRODUCT(SEMANAL!$B41,H$52)/1000 -> 0 | I70: =PRODUCT(SEMANAL!$D41,I$51)/1000+PRODUCT(SEMANAL!$B41,I$52)/1000 -> 0.07 | ... O70: =PRODUCT(SEMANAL!$D41,O$51)/1000+PRODUCT(SEMANAL!$B41,O$52)/1000 -> 0 | P70: =SUM('OC CACHARI 2'!B70:O70) -> 3 | Q70: 4000 | R70: =PRODUCT(P70:Q70) -> 12000
A71: Almidon de maiz x 500 g | B71: =PRODUCT(SEMANAL!$D42,B$51)/500+PRODUCT(SEMANAL!$B42,B$52)/500 -> 0 | C71: =PRODUCT(SEMANAL!$D42,C$51)/500+PRODUCT(SEMANAL!$B42,C$52)/500 -> 0 | D71: =PRODUCT(SEMANAL!$D42,D$51)/500+PRODUCT(SEMANAL!$B42,D$52)/500 -> 0 | E71: =PRODUCT(SEMANAL!$D42,E$51)/500+PRODUCT(SEMANAL!$B42,E$52)/500 -> 0 | F71: =PRODUCT(SEMANAL!$D42,F$51)/500+PRODUCT(SEMANAL!$B42,F$52)/500 -> 0 | G71: =PRODUCT(SEMANAL!$D42,G$51)/500+PRODUCT(SEMANAL!$B42,G$52)/500 -> 0 | H71: =PRODUCT(SEMANAL!$D42,H$51)/500+PRODUCT(SEMANAL!$B42,H$52)/500 -> 0 | I71: =PRODUCT(SEMANAL!$D42,I$51)/500+PRODUCT(SEMANAL!$B42,I$52)/500 -> 0.012 | ... O71: =PRODUCT(SEMANAL!$D42,O$51)/500+PRODUCT(SEMANAL!$B42,O$52)/500 -> 0 | P71: =SUM('OC CACHARI 2'!B71:O71) -> 3 | Q71: 3304 | R71: =PRODUCT(P71:Q71) -> 9912
A72: Esencia de vainilla x 100 cc | B72: =PRODUCT(SEMANAL!$D43,B$51)/100+PRODUCT(SEMANAL!$B43,B$52)/100 -> 0 | C72: =PRODUCT(SEMANAL!$D43,C$51)/100+PRODUCT(SEMANAL!$B43,C$52)/100 -> 0 | D72: =PRODUCT(SEMANAL!$D43,D$51)/100+PRODUCT(SEMANAL!$B43,D$52)/100 -> 0 | E72: =PRODUCT(SEMANAL!$D43,E$51)/100+PRODUCT(SEMANAL!$B43,E$52)/100 -> 0 | F72: =PRODUCT(SEMANAL!$D43,F$51)/100+PRODUCT(SEMANAL!$B43,F$52)/100 -> 0 | G72: =PRODUCT(SEMANAL!$D43,G$51)/100+PRODUCT(SEMANAL!$B43,G$52)/100 -> 0 | H72: =PRODUCT(SEMANAL!$D43,H$51)/100+PRODUCT(SEMANAL!$B43,H$52)/100 -> 0 | I72: =PRODUCT(SEMANAL!$D43,I$51)/100+PRODUCT(SEMANAL!$B43,I$52)/100 -> 0 | ... O72: =PRODUCT(SEMANAL!$D43,O$51)/100+PRODUCT(SEMANAL!$B43,O$52)/100 -> 0 | P72: =SUM('OC CACHARI 2'!B72:O72) -> 0 | Q72: 1487 | R72: =PRODUCT(P72:Q72) -> 0
A73: Harina Leudante x kg | B73: =PRODUCT(SEMANAL!$D44,B$51)/1000+PRODUCT(SEMANAL!$B44,B$52)/1000 -> 0 | C73: =PRODUCT(SEMANAL!$D44,C$51)/1000+PRODUCT(SEMANAL!$B44,C$52)/1000 -> 0 | D73: =PRODUCT(SEMANAL!$D44,D$51)/1000+PRODUCT(SEMANAL!$B44,D$52)/1000 -> 0 | E73: =PRODUCT(SEMANAL!$D44,E$51)/1000+PRODUCT(SEMANAL!$B44,E$52)/1000 -> 0 | F73: =PRODUCT(SEMANAL!$D44,F$51)/1000+PRODUCT(SEMANAL!$B44,F$52)/1000 -> 0 | G73: =PRODUCT(SEMANAL!$D44,G$51)/1000+PRODUCT(SEMANAL!$B44,G$52)/1000 -> 0 | H73: =PRODUCT(SEMANAL!$D44,H$51)/1000+PRODUCT(SEMANAL!$B44,H$52)/1000 -> 0 | I73: =PRODUCT(SEMANAL!$D44,I$51)/1000+PRODUCT(SEMANAL!$B44,I$52)/1000 -> 0.1 | ... O73: =PRODUCT(SEMANAL!$D44,O$51)/1000+PRODUCT(SEMANAL!$B44,O$52)/1000 -> 0 | P73: =SUM('OC CACHARI 2'!B73:O73) -> 10 | Q73: 1602 | R73: =PRODUCT(P73:Q73) -> 16020
A74: Harina 000 x kg | B74: =PRODUCT(SEMANAL!$D45,B$51)/1000+PRODUCT(SEMANAL!$B45,B$52)/1000 -> 0 | C74: =PRODUCT(SEMANAL!$D45,C$51)/1000+PRODUCT(SEMANAL!$B45,C$52)/1000 -> 0 | D74: =PRODUCT(SEMANAL!$D45,D$51)/1000+PRODUCT(SEMANAL!$B45,D$52)/1000 -> 0 | E74: =PRODUCT(SEMANAL!$D45,E$51)/1000+PRODUCT(SEMANAL!$B45,E$52)/1000 -> 0 | F74: =PRODUCT(SEMANAL!$D45,F$51)/1000+PRODUCT(SEMANAL!$B45,F$52)/1000 -> 0 | G74: =PRODUCT(SEMANAL!$D45,G$51)/1000+PRODUCT(SEMANAL!$B45,G$52)/1000 -> 0 | H74: =PRODUCT(SEMANAL!$D45,H$51)/1000+PRODUCT(SEMANAL!$B45,H$52)/1000 -> 0 | I74: =PRODUCT(SEMANAL!$D45,I$51)/1000+PRODUCT(SEMANAL!$B45,I$52)/1000 -> 0.15 | ... O74: =PRODUCT(SEMANAL!$D45,O$51)/1000+PRODUCT(SEMANAL!$B45,O$52)/1000 -> 0 | P74: =SUM('OC CACHARI 2'!B74:O74) -> 13 | Q74: 991 | R74: =PRODUCT(P74:Q74) -> 12883
A75: Levadura seca x 20 gr | B75: =PRODUCT(SEMANAL!$D46,B$51)/20+PRODUCT(SEMANAL!$B46,B$52)/20 -> 0 | C75: =PRODUCT(SEMANAL!$D46,C$51)/20+PRODUCT(SEMANAL!$B46,C$52)/20 -> 0 | D75: =PRODUCT(SEMANAL!$D46,D$51)/20+PRODUCT(SEMANAL!$B46,D$52)/20 -> 0 | E75: =PRODUCT(SEMANAL!$D46,E$51)/20+PRODUCT(SEMANAL!$B46,E$52)/20 -> 0 | F75: =PRODUCT(SEMANAL!$D46,F$51)/20+PRODUCT(SEMANAL!$B46,F$52)/20 -> 0 | G75: =PRODUCT(SEMANAL!$D46,G$51)/20+PRODUCT(SEMANAL!$B46,G$52)/20 -> 0 | H75: =PRODUCT(SEMANAL!$D46,H$51)/20+PRODUCT(SEMANAL!$B46,H$52)/20 -> 0 | I75: =PRODUCT(SEMANAL!$D46,I$51)/20+PRODUCT(SEMANAL!$B46,I$52)/20 -> 0.035 | ... O75: =PRODUCT(SEMANAL!$D46,O$51)/20+PRODUCT(SEMANAL!$B46,O$52)/20 -> 0 | P75: =SUM('OC CACHARI 2'!B75:O75) -> 6 | Q75: 1322 | R75: =PRODUCT(P75:Q75) -> 7932
Q76: TOTAL | R76: =SUM(R53:R75) -> 967318
A78: CARNE
A79: PROVEEDOR ALVAREZ (LA SOÑADA)-
B81: J904 | C81: EP4 | D81: EP5+JIR 5 | E81: EP6 | F81: EP23 | G81: EP29 | H81: EP31 | I81: EP32 | J81: EP34 | K81: EP44 | L81: EP59 | M81: CEC801 | N81: EEE506 | O81: EES2 | P81: TOTAL
A82: DMC | B82: 111 | C82: 6 | D82: 5 | E82: 35 | F82: 123 | G82: 3 | H82: 3 | I82: 5 | J82: 4 | K82: 4 | L82: 12 | M82: 130 | N82: 24 | O82: 171 | P82: =SUM(B82:O82) -> 636
A83: COM | B83: 0 | C83: 0 | D83: 0 | E83: 0 | F83: 0 | G83: 0 | H83: 0 | I83: 2 | J83: 0 | K83: 0 | L83: 6 | M83: 130 | N83: 12 | O83: 0 | P83: =SUM(B83:O83) -> 150 | Q83: PRECIO | R83: PESOS POR PRODUCTO
A84: PULPA DE CERDO fileteada por Kg. | B84: =PRODUCT(SEMANAL!$B$52,B$83)/1000 -> 0 | C84: =PRODUCT(SEMANAL!$B$52,C$83)/1000 -> 0 | D84: =PRODUCT(SEMANAL!$B$52,D$83)/1000 -> 0 | E84: =PRODUCT(SEMANAL!$B$52,E$83)/1000 -> 0 | F84: =PRODUCT(SEMANAL!$B$52,F$83)/1000 -> 0 | G84: =PRODUCT(SEMANAL!$B$52,G$83)/1000 -> 0 | H84: =PRODUCT(SEMANAL!$B$52,H$83)/1000 -> 0 | I84: =PRODUCT(SEMANAL!$B$52,I$83)/1000 -> 0.2 | ... O84: =PRODUCT(SEMANAL!$B$52,O$83)/1000 -> 0 | P84: =SUM('OC CACHARI 2'!B84:O84) -> 17 | Q84: 9500 | R84: =PRODUCT(P84:Q84) -> 161500
A85: POLLO por Kg. (x 1,68) | B85: =PRODUCT(SEMANAL!$B$53,B$83)/1000*1.68 -> 0 | C85: =PRODUCT(SEMANAL!$B$53,C$83)/1000*1.68 -> 0 | D85: =PRODUCT(SEMANAL!$B$53,D$83)/1000*1.68 -> 0 | E85: =PRODUCT(SEMANAL!$B$53,E$83)/1000*1.68 -> 0 | F85: =PRODUCT(SEMANAL!$B$53,F$83)/1000*1.68 -> 0 | G85: =PRODUCT(SEMANAL!$B$53,G$83)/1000*1.68 -> 0 | H85: =PRODUCT(SEMANAL!$B$53,H$83)/1000*1.68 -> 0 | I85: =PRODUCT(SEMANAL!$B$53,I$83)/1000*1.68 -> 0.2688 | ... O85: =PRODUCT(SEMANAL!$B$53,O$83)/1000*1.68 -> 0 | P85: =SUM('OC CACHARI 2'!B85:O85) -> 22 | Q85: 5500 | R85: =PRODUCT(P85:Q85) -> 121000
A86: NALGA CERDO fileteada para milanesa por Kg. | B86: =PRODUCT(SEMANAL!$B$54,B$83)/1000 -> 0 | C86: =PRODUCT(SEMANAL!$B$54,C$83)/1000 -> 0 | D86: =PRODUCT(SEMANAL!$B$54,D$83)/1000 -> 0 | E86: =PRODUCT(SEMANAL!$B$54,E$83)/1000 -> 0 | F86: =PRODUCT(SEMANAL!$B$54,F$83)/1000 -> 0 | G86: =PRODUCT(SEMANAL!$B$54,G$83)/1000 -> 0 | H86: =PRODUCT(SEMANAL!$B$54,H$83)/1000 -> 0 | I86: =PRODUCT(SEMANAL!$B$54,I$83)/1000 -> 0.2 | ... O86: =PRODUCT(SEMANAL!$B$54,O$83)/1000 -> 0 | P86: =SUM('OC CACHARI 2'!B86:O86) -> 17 | Q86: 9500 | R86: =PRODUCT(P86:Q86) -> 161500
Q87: TOTAL | R87: =SUM(R84:R86) -> 444000
Q88: TOTAL OC | R88: =SUM(R29,R43,R76,R87) -> 2853378

Sheet OC CACHARI 2
A7: CACHARI PERIODO REGULAR 2026
A8: ORDEN DE COMPRA
B9: FECHA:
A11: FRUTAS Y VERDURAS:
A12: PROVEEDOR: CAPPUCCIO-
B13: J904 | C13: EP4 | D13: EP5+JIR 5 | E13: EP6 | F13: EP23 | G13: EP29 | H13: EP31 | I13: EP32 | J13: EP34 | K13: EP44 | L13: EP59 | M13: CEC801 | N13: EEE506 | O13: EES2
A14: DMC | B14: 111 | C14: 6 | D14: 5 | E14: 35 | F14: 123 | G14: 3 | H14: 3 | I14: 5 | J14: 4 | K14: 4 | L14: 12 | M14: 130 | N14: 24 | O14: 171
A15: COM | B15: 0 | C15: 0 | D15: 0 | E15: 0 | F15: 0 | G15: 0 | H15: 0 | I15: 2 | J15: 0 | K15: 0 | L15: 6 | M15: 130 | N15: 12 | O15: 0
A16: MANZANA | B16: =ROUNDUP('CACHARI 2'!B16,0) -> 14 | C16: =ROUNDUP('CACHARI 2'!C16,0) -> 1 | D16: =ROUNDUP('CACHARI 2'!D16,0) -> 1 | E16: =ROUNDUP('CACHARI 2'!E16,0) -> 5 | F16: =ROUNDUP('CACHARI 2'!F16,0) -> 16 | G16: =ROUNDUP('CACHARI 2'!G16,0) -> 1 | H16: =ROUNDUP('CACHARI 2'!H16,0) -> 1 | I16: =ROUNDUP('CACHARI 2'!I16,0) -> 1 | ... L16: =ROUNDUP('CACHARI 2'!L16,0) -> 3 | M16: 0 | N16: =ROUNDUP('CACHARI 2'!N16,0) -> 5 | O16: =ROUNDUP('CACHARI 2'!O16,0) -> 22
A17: BANANA | B17: =ROUNDUP('CACHARI 2'!B17,0) -> 0 | C17: =ROUNDUP('CACHARI 2'!C17,0) -> 0 | D17: =ROUNDUP('CACHARI 2'!D17,0) -> 0 | E17: =ROUNDUP('CACHARI 2'!E17,0) -> 0 | F17: =ROUNDUP('CACHARI 2'!F17,0) -> 0 | G17: =ROUNDUP('CACHARI 2'!G17,0) -> 0 | H17: =ROUNDUP('CACHARI 2'!H17,0) -> 0 | I17: =ROUNDUP('CACHARI 2'!I17,0) -> 1 | ... O17: =ROUNDUP('CACHARI 2'!O17,0) -> 0
A18: NARANJA O MANDARINA | B18: =ROUNDUP('CACHARI 2'!B18,0) -> 28 | C18: =ROUNDUP('CACHARI 2'!C18,0) -> 2 | D18: =ROUNDUP('CACHARI 2'!D18,0) -> 2 | E18: =ROUNDUP('CACHARI 2'!E18,0) -> 9 | F18: =ROUNDUP('CACHARI 2'!F18,0) -> 31 | G18: =ROUNDUP('CACHARI 2'!G18,0) -> 1 | H18: =ROUNDUP('CACHARI 2'!H18,0) -> 1 | I18: =ROUNDUP('CACHARI 2'!I18,0) -> 2 | ... L18: =ROUNDUP('CACHARI 2'!L18,0) -> 5 | M18: 0 | N18: =ROUNDUP('CACHARI 2'!N18,0) -> 9 | O18: =ROUNDUP('CACHARI 2'!O18,0) -> 43
A19: PERA | B19: =ROUNDUP('CACHARI 2'!B19,0) -> 0 | C19: =ROUNDUP('CACHARI 2'!C19,0) -> 0 | D19: =ROUNDUP('CACHARI 2'!D19,0) -> 0 | E19: =ROUNDUP('CACHARI 2'!E19,0) -> 0 | F19: =ROUNDUP('CACHARI 2'!F19,0) -> 0 | G19: =ROUNDUP('CACHARI 2'!G19,0) -> 0 | H19: =ROUNDUP('CACHARI 2'!H19,0) -> 0 | I19: =ROUNDUP('CACHARI 2'!I19,0) -> 0 | ... O19: =ROUNDUP('CACHARI 2'!O19,0) -> 0
A20: Zapallo ANCO | B20: =ROUNDUP('CACHARI 2'!B20,0) -> 0 | C20: =ROUNDUP('CACHARI 2'!C20,0) -> 0 | D20: =ROUNDUP('CACHARI 2'!D20,0) -> 0 | E20: =ROUNDUP('CACHARI 2'!E20,0) -> 0 | F20: =ROUNDUP('CACHARI 2'!F20,0) -> 0 | G20: =ROUNDUP('CACHARI 2'!G20,0) -> 0 | H20: =ROUNDUP('CACHARI 2'!H20,0) -> 0 | I20: =ROUNDUP('CACHARI 2'!I20,0) -> 1 | ... O20: =ROUNDUP('CACHARI 2'!O20,0) -> 0
A21: Zapallo verde | B21: =ROUNDUP('CACHARI 2'!B21,0) -> 0 | C21: =ROUNDUP('CACHARI 2'!C21,0) -> 0 | D21: =ROUNDUP('CACHARI 2'!D21,0) -> 0 | E21: =ROUNDUP('CACHARI 2'!E21,0) -> 0 | F21: =ROUNDUP('CACHARI 2'!F21,0) -> 0 | G21: =ROUNDUP('CACHARI 2'!G21,0) -> 0 | H21: =ROUNDUP('CACHARI 2'!H21,0) -> 0 | I21: =ROUNDUP('CACHARI 2'!I21,0) -> 1 | ... O21: =ROUNDUP('CACHARI 2'!O21,0) -> 0
A22: Papa | B22: =ROUNDUP('CACHARI 2'!B22,0) -> 0 | C22: =ROUNDUP('CACHARI 2'!C22,0) -> 0 | D22: =ROUNDUP('CACHARI 2'!D22,0) -> 0 | E22: =ROUNDUP('CACHARI 2'!E22,0) -> 0 | F22: =ROUNDUP('CACHARI 2'!F22,0) -> 0 | G22: =ROUNDUP('CACHARI 2'!G22,0) -> 0 | H22: =ROUNDUP('CACHARI 2'!H22,0) -> 0 | I22: =ROUNDUP('CACHARI 2'!I22,0) -> 1 | ... O22: =ROUNDUP('CACHARI 2'!O22,0) -> 0
A23: Cebolla | B23: =ROUNDUP('CACHARI 2'!B23,0) -> 0 | C23: =ROUNDUP('CACHARI 2'!C23,0) -> 0 | D23: =ROUNDUP('CACHARI 2'!D23,0) -> 0 | E23: =ROUNDUP('CACHARI 2'!E23,0) -> 0 | F23: =ROUNDUP('CACHARI 2'!F23,0) -> 0 | G23: =ROUNDUP('CACHARI 2'!G23,0) -> 0 | H23: =ROUNDUP('CACHARI 2'!H23,0) -> 0 | I23: =ROUNDUP('CACHARI 2'!I23,0) -> 1 | ... L23: =ROUNDUP('CACHARI 2'!L23,0) -> 1 | M23: 0 | N23: =ROUNDUP('CACHARI 2'!N23,0) -> 1 | O23: =ROUNDUP('CACHARI 2'!O23,0) -> 0
A24: Zanahoria | B24: =ROUNDUP('CACHARI 2'!B24,0) -> 0 | C24: =ROUNDUP('CACHARI 2'!C24,0) -> 0 | D24: =ROUNDUP('CACHARI 2'!D24,0) -> 0 | E24: =ROUNDUP('CACHARI 2'!E24,0) -> 0 | F24: =ROUNDUP('CACHARI 2'!F24,0) -> 0 | G24: =ROUNDUP('CACHARI 2'!G24,0) -> 0 | H24: =ROUNDUP('CACHARI 2'!H24,0) -> 0 | I24: =ROUNDUP('CACHARI 2'!I24,0) -> 1 | ... L24: =ROUNDUP('CACHARI 2'!L24,0) -> 1 | M24: 0 | N24: =ROUNDUP('CACHARI 2'!N24,0) -> 1 | O24: =ROUNDUP('CACHARI 2'!O24,0) -> 0
A25: Tomate | B25: =ROUNDUP('CACHARI 2'!B25,0) -> 0 | C25: =ROUNDUP('CACHARI 2'!C25,0) -> 0 | D25: =ROUNDUP('CACHARI 2'!D25,0) -> 0 | E25: =ROUNDUP('CACHARI 2'!E25,0) -> 0 | F25: =ROUNDUP('CACHARI 2'!F25,0) -> 0 | G25: =ROUNDUP('CACHARI 2'!G25,0) -> 0 | H25: =ROUNDUP('CACHARI 2'!H25,0) -> 0 | I25: =ROUNDUP('CACHARI 2'!I25,0) -> 1 | ... O25: =ROUNDUP('CACHARI 2'!O25,0) -> 0
A26: Ajo | B26: =ROUNDUP('CACHARI 2'!B26,0) -> 0 | C26: =ROUNDUP('CACHARI 2'!C26,0) -> 0 | D26: =ROUNDUP('CACHARI 2'!D26,0) -> 0 | E26: =ROUNDUP('CACHARI 2'!E26,0) -> 0 | F26: =ROUNDUP('CACHARI 2'!F26,0) -> 0 | G26: =ROUNDUP('CACHARI 2'!G26,0) -> 0 | H26: =ROUNDUP('CACHARI 2'!H26,0) -> 0 | I26: =ROUNDUP('CACHARI 2'!I26,0) -> 1 | ... L26: =ROUNDUP('CACHARI 2'!L26,0) -> 1 | M26: 0 | N26: =ROUNDUP('CACHARI 2'!N26,0) -> 1 | O26: =ROUNDUP('CACHARI 2'!O26,0) -> 0
A27: Perejil | B27: =ROUNDUP('CACHARI 2'!B27,0) -> 0 | C27: =ROUNDUP('CACHARI 2'!C27,0) -> 0 | D27: =ROUNDUP('CACHARI 2'!D27,0) -> 0 | E27: =ROUNDUP('CACHARI 2'!E27,0) -> 0 | F27: =ROUNDUP('CACHARI 2'!F27,0) -> 0 | G27: =ROUNDUP('CACHARI 2'!G27,0) -> 0 | H27: =ROUNDUP('CACHARI 2'!H27,0) -> 0 | I27: 0 | J27: =ROUNDUP('CACHARI 2'!J27,0) -> 0 | K27: =ROUNDUP('CACHARI 2'!K27,0) -> 0 | L27: =ROUNDUP('CACHARI 2'!L27,0) -> 1 | M27: 0 | N27: =ROUNDUP('CACHARI 2'!N27,0) -> 1 | O27: =ROUNDUP('CACHARI 2'!O27,0) -> 0
A28: Huevo de gallina x doc | B28: =ROUNDUP('CACHARI 2'!B28,0) -> 0 | C28: =ROUNDUP('CACHARI 2'!C28,0) -> 0 | D28: =ROUNDUP('CACHARI 2'!D28,0) -> 0 | E28: =ROUNDUP('CACHARI 2'!E28,0) -> 0 | F28: =ROUNDUP('CACHARI 2'!F28,0) -> 0 | G28: =ROUNDUP('CACHARI 2'!G28,0) -> 0 | H28: =ROUNDUP('CACHARI 2'!H28,0) -> 0 | I28: =ROUNDUP('CACHARI 2'!I28,0) -> 1 | ... L28: =ROUNDUP('CACHARI 2'!L28,0) -> 1 | M28: 0 | N28: =ROUNDUP('CACHARI 2'!N28,0) -> 2 | O28: =ROUNDUP('CACHARI 2'!O28,0) -> 0
A31: PAN
A32: PROVEEDOR : CIVALE -
B34: J904 | C34: EP4 | D34: EP5+JIR 5 | E34: EP6 | F34: EP23 | G34: EP29 | H34: EP31 | I34: EP32 | J34: EP34 | K34: EP44 | L34: EP59 | M34: CEC801 | N34: EEE506 | O34: EES2
A35: DMC | B35: 111 | C35: 6 | D35: 5 | E35: 35 | F35: 123 | G35: 3 | H35: 3 | I35: 5 | J35: 4 | K35: 4 | L35: 12 | M35: 130 | N35: 24 | O35: 171
A36: COM | B36: 0 | C36: 0 | D36: 0 | E36: 0 | F36: 0 | G36: 0 | H36: 0 | I36: 2 | J36: 0 | K36: 0 | L36: 6 | M36: 130 | N36: 12 | O36: 0
A37: LUNES | B37: =ROUNDUP('CACHARI 2'!B37,0) -> 6 | C37: =ROUNDUP('CACHARI 2'!C37,0) -> 1 | D37: =ROUNDUP('CACHARI 2'!D37,0) -> 1 | E37: =ROUNDUP('CACHARI 2'!E37,0) -> 2 | F37: =ROUNDUP('CACHARI 2'!F37,0) -> 7 | G37: =ROUNDUP('CACHARI 2'!G37,0) -> 1 | H37: =ROUNDUP('CACHARI 2'!H37,0) -> 1 | I37: =ROUNDUP('CACHARI 2'!I37,0) -> 1 | ... O37: =ROUNDUP('CACHARI 2'!O37,0) -> 9
A38: MARTES | B38: 5 | C38: 0 | D38: 0 | E38: =ROUNDUP('CACHARI 2'!E38,0) -> 2 | F38: 6 | G38: 0 | H38: 0 | I38: 0 | J38: 0 | K38: 0 | L38: =ROUNDUP('CACHARI 2'!L38,0) -> 1 | M38: =ROUNDUP('CACHARI 2'!M38,0) -> 7 | N38: =ROUNDUP('CACHARI 2'!N38,0) -> 2 | O38: =ROUNDUP('CACHARI 2'!O38,0) -> 9
A39: MIERCOLES | B39: =ROUNDUP('CACHARI 2'!B39,0) -> 6 | C39: =ROUNDUP('CACHARI 2'!C39,0) -> 1 | D39: =ROUNDUP('CACHARI 2'!D39,0) -> 1 | E39: =ROUNDUP('CACHARI 2'!E39,0) -> 2 | F39: =ROUNDUP('CACHARI 2'!F39,0) -> 7 | G39: =ROUNDUP('CACHARI 2'!G39,0) -> 1 | H39: =ROUNDUP('CACHARI 2'!H39,0) -> 1 | I39: =ROUNDUP('CACHARI 2'!I39,0) -> 1 | ... O39: =ROUNDUP('CACHARI 2'!O39,0) -> 9
A40: JUEVES | B40: 5 | C40: 0 | D40: 0 | E40: =ROUNDUP('CACHARI 2'!E40,0) -> 2 | F40: 6 | G40: 0 | H40: 0 | I40: 0 | J40: 0 | K40: 0 | L40: =ROUNDUP('CACHARI 2'!L40,0) -> 1 | M40: =ROUNDUP('CACHARI 2'!M40,0) -> 7 | N40: =ROUNDUP('CACHARI 2'!N40,0) -> 2 | O40: =ROUNDUP('CACHARI 2'!O40,0) -> 9
A41: VIERNES | B41: =ROUNDUP('CACHARI 2'!B41,0) -> 6 | C41: =ROUNDUP('CACHARI 2'!C41,0) -> 1 | D41: =ROUNDUP('CACHARI 2'!D41,0) -> 1 | E41: =ROUNDUP('CACHARI 2'!E41,0) -> 2 | F41: =ROUNDUP('CACHARI 2'!F41,0) -> 7 | G41: =ROUNDUP('CACHARI 2'!G41,0) -> 1 | H41: =ROUNDUP('CACHARI 2'!H41,0) -> 1 | I41: =ROUNDUP('CACHARI 2'!I41,0) -> 1 | ... O41: =ROUNDUP('CACHARI 2'!O41,0) -> 9
A42: PAN RALLADO - VIERNES | B42: =ROUNDUP('CACHARI 2'!B42,0) -> 0 | C42: =ROUNDUP('CACHARI 2'!C42,0) -> 0 | D42: =ROUNDUP('CACHARI 2'!D42,0) -> 0 | E42: =ROUNDUP('CACHARI 2'!E42,0) -> 0 | F42: =ROUNDUP('CACHARI 2'!F42,0) -> 0 | G42: =ROUNDUP('CACHARI 2'!G42,0) -> 0 | H42: =ROUNDUP('CACHARI 2'!H42,0) -> 0 | I42: =ROUNDUP('CACHARI 2'!I42,0) -> 0 | ... L42: =ROUNDUP('CACHARI 2'!L42,0) -> 0 | M42: 0 | N42: =ROUNDUP('CACHARI 2'!N42,0) -> 0 | O42: =ROUNDUP('CACHARI 2'!O42,0) -> 0
O43: 916500
A47: LACTEOS Y SECOS -
A48: PROVEEDOR DISTRIBUIDORA PATO -GALLEGOS - LACTEOS Y SECOS
B50: J904 | C50: EP4 | D50: EP5+JIR 5 | E50: EP6 | F50: EP23 | G50: EP29 | H50: EP31 | I50: EP32 | J50: EP34 | K50: EP44 | L50: EP59 | M50: CEC801 | N50: EEE506 | O50: EES2
A51: DMC | B51: 111 | C51: 6 | D51: 5 | E51: 35 | F51: 123 | G51: 3 | H51: 3 | I51: 5 | J51: 4 | K51: 4 | L51: 12 | M51: 130 | N51: 24 | O51: 171
A52: COM | B52: 0 | C52: 0 | D52: 0 | E52: 0 | F52: 0 | G52: 0 | H52: 0 | I52: 2 | J52: 0 | K52: 0 | L52: 6 | M52: 130 | N52: 12 | O52: 0
A53: Leche fluida x litro | B53: 0 | C53: =ROUNDUP('CACHARI 2'!C53,0) -> 4 | D53: =ROUNDUP('CACHARI 2'!D53,0) -> 3 | E53: =ROUNDUP('CACHARI 2'!E53,0) -> 21 | F53: =ROUNDUP('CACHARI 2'!F53,0) -> 74 | G53: =ROUNDUP('CACHARI 2'!G53,0) -> 2 | H53: =ROUNDUP('CACHARI 2'!H53,0) -> 2 | I53: =ROUNDUP('CACHARI 2'!I53,0) -> 4 | J53: =ROUNDUP('CACHARI 2'!J53,0) -> 3 | ... L53: =ROUNDUP('CACHARI 2'!L53,0) -> 8 | M53: 0 | N53: =ROUNDUP('CACHARI 2'!N53,0) -> 16 | O53: =ROUNDUP('CACHARI 2'!O53,0) -> 103
